sha256,region,category,pair_id,app_name,package,perm_count_local,permissions
E81541FB320BC58427611D50F6840C98F0D67D1AFD0B259342D996FB5BA03D66,eu,bank_1,bank1,BGL,lu.bgl.spm.retail,22,android.permission.ACCESS_ADSERVICES_AD_ID;android.permission.ACCESS_ADSERVICES_ATTRIBUTION;android.permission.ACCESS_NETWORK_STATE;android.permission.ACCESS_WIFI_STATE;android.permission.CALL_PHONE;android.permission.CAMERA;android.permission.FOREGROUND_SERVICE;android.permission.INTERNET;android.permission.POST_NOTIFICATIONS;android.permission.READ_EXTERNAL_STORAGE;android.permission.READ_PHONE_STATE;android.permission.RECEIVE_BOOT_COMPLETED;android.permission.SYSTEM_ALERT_WINDOW;android.permission.VIBRATE;android.permission.WAKE_LOCK;android.permission.WRITE_EXTERNAL_STORAGE;com.google.android.c2dm.permission.RECEIVE;com.google.android.finsky.permission.BIND_GET_INSTALL_REFERRER_SERVICE;com.google.android.gms.permission.AD_ID;com.personetics.module.permission.C2D_MESSAGE;lu.bgl.spm.retail.DYNAMIC_RECEIVER_NOT_EXPORTED_PERMISSION;lu.bgl.spm.retail.LISTEN_BEADVISED_BROADCAST
C43F18067802A90DA14D6CE8D0622782C8A594D8896B44994A32EC2E40EF409B,eu,bank_2,bank2,ING Luxembourg,com.ing.lu.mobile,11,android.permission.ACCESS_NETWORK_STATE;android.permission.ACCESS_WIFI_STATE;android.permission.CALL_PHONE;android.permission.INTERNET;android.permission.POST_NOTIFICATIONS;android.permission.READ_EXTERNAL_STORAGE;android.permission.USE_BIOMETRIC;android.permission.WAKE_LOCK;com.google.android.c2dm.permission.RECEIVE;com.ing.lu.mobile.DYNAMIC_RECEIVER_NOT_EXPORTED_PERMISSION;com.ing.lu.mobile.broadcast.permission
4639F77FE0014B8709F2A0A428665AB769AA2CBF0FD94161941EF6CB77FA154D,eu,bank_3,bank3,Revolut,com.revolut.revolut,50,android.permission.ACCESS_ADSERVICES_AD_ID;android.permission.ACCESS_ADSERVICES_ATTRIBUTION;android.permission.ACCESS_COARSE_LOCATION;android.permission.ACCESS_FINE_LOCATION;android.permission.ACCESS_NETWORK_STATE;android.permission.ACCESS_WIFI_STATE;android.permission.AUTHENTICATE_ACCOUNTS;android.permission.BLUETOOTH;android.permission.BLUETOOTH_ADMIN;android.permission.BLUETOOTH_CONNECT;android.permission.BLUETOOTH_SCAN;android.permission.CAMERA;android.permission.CHANGE_NETWORK_STATE;android.permission.CHANGE_WIFI_STATE;android.permission.DETECT_SCREEN_CAPTURE;android.permission.DETECT_SCREEN_RECORDING;android.permission.FOREGROUND_SERVICE;android.permission.FOREGROUND_SERVICE_MEDIA_PROJECTION;android.permission.FOREGROUND_SERVICE_MICROPHONE;android.permission.FOREGROUND_SERVICE_PHONE_CALL;android.permission.GET_ACCOUNTS;android.permission.HIGH_SAMPLING_RATE_SENSORS;android.permission.INTERNET;android.permission.MANAGE_OWN_CALLS;android.permission.MODIFY_AUDIO_SETTINGS;android.permission.NFC;android.permission.POST_NOTIFICATIONS;android.permission.QUERY_ALL_PACKAGES;android.permission.READ_CONTACTS;android.permission.READ_EXTERNAL_STORAGE;android.permission.READ_PHONE_NUMBERS;android.permission.READ_PHONE_STATE;android.permission.READ_SYNC_SETTINGS;android.permission.RECEIVE_BOOT_COMPLETED;android.permission.RECORD_AUDIO;android.permission.USE_BIOMETRIC;android.permission.USE_FINGERPRINT;android.permission.USE_FULL_SCREEN_INTENT;android.permission.VIBRATE;android.permission.WAKE_LOCK;android.permission.WRITE_CONTACTS;android.permission.WRITE_EXTERNAL_STORAGE;android.permission.WRITE_SYNC_SETTINGS;com.google.android.c2dm.permission.RECEIVE;com.google.android.finsky.permission.BIND_GET_INSTALL_REFERRER_SERVICE;com.google.android.gms.permission.AD_ID;com.huawei.appmarket.service.commondata.permission.GET_COMMON_DATA;com.revolut.chat_client.permission.C2D_MESSAGE;com.revolut.revolut.DYNAMIC_RECEIVER_NOT_EXPORTED_PERMISSION;com.revolut.revolut.lpa.permission.BROADCAST
F6433149E57CAA6551873324018736E03A4F5FD598B2FC3D6A1098EBAC29AF2B,eu,bank_4,bank4,BILnet,com.bil.android,26,android.permission.ACCESS_ADSERVICES_AD_ID;android.permission.ACCESS_ADSERVICES_ATTRIBUTION;android.permission.ACCESS_FINE_LOCATION;android.permission.ACCESS_NETWORK_STATE;android.permission.ACCESS_WIFI_STATE;android.permission.CAMERA;android.permission.DETECT_SCREEN_CAPTURE;android.permission.DOWNLOAD_WITHOUT_NOTIFICATION;android.permission.FLASHLIGHT;android.permission.FOREGROUND_SERVICE;android.permission.INTERNET;android.permission.MODIFY_AUDIO_SETTINGS;android.permission.POST_NOTIFICATIONS;android.permission.READ_EXTERNAL_STORAGE;android.permission.READ_PHONE_STATE;android.permission.RECEIVE_BOOT_COMPLETED;android.permission.RECORD_AUDIO;android.permission.SYSTEM_ALERT_WINDOW;android.permission.USE_BIOMETRIC;android.permission.USE_FINGERPRINT;android.permission.VIBRATE;android.permission.WAKE_LOCK;android.permission.WRITE_EXTERNAL_STORAGE;com.bil.android.DYNAMIC_RECEIVER_NOT_EXPORTED_PERMISSION;com.google.android.c2dm.permission.RECEIVE;com.google.android.finsky.permission.BIND_GET_INSTALL_REFERRER_SERVICE
54FE2B7D1A0A2D38D80AED770DA7AAE620DD6BF556D072DF31CCB32F33A68B7A,eu,ecom_1,ecom1,Amazon Shopping,com.amazon.mShop.android.shopping,69,amazon.permission.COLLECT_METRICS;android.permission.ACCESS_BACKGROUND_LOCATION;android.permission.ACCESS_COARSE_LOCATION;android.permission.ACCESS_FINE_LOCATION;android.permission.ACCESS_NETWORK_STATE;android.permission.ACCESS_WIFI_STATE;android.permission.AUTHENTICATE_ACCOUNTS;android.permission.BLUETOOTH;android.permission.BLUETOOTH_ADMIN;android.permission.BLUETOOTH_ADVERTISE;android.permission.BLUETOOTH_CONNECT;android.permission.BLUETOOTH_SCAN;android.permission.CAMERA;android.permission.CHANGE_WIFI_STATE;android.permission.CREDENTIAL_MANAGER_QUERY_CANDIDATE_CREDENTIALS;android.permission.DETECT_SCREEN_CAPTURE;android.permission.FLASHLIGHT;android.permission.FOREGROUND_SERVICE;android.permission.FOREGROUND_SERVICE_LOCATION;android.permission.FOREGROUND_SERVICE_MEDIA_PLAYBACK;android.permission.GET_ACCOUNTS;android.permission.HIGH_SAMPLING_RATE_SENSORS;android.permission.INTERNET;android.permission.MANAGE_ACCOUNTS;android.permission.MODIFY_AUDIO_SETTINGS;android.permission.NEARBY_WIFI_DEVICES;android.permission.NFC;android.permission.POST_NOTIFICATIONS;android.permission.READ_BASIC_PHONE_STATE;android.permission.READ_CONTACTS;android.permission.READ_EXTERNAL_STORAGE;android.permission.READ_PHONE_STATE;android.permission.RECEIVE_BOOT_COMPLETED;android.permission.RECORD_AUDIO;android.permission.USE_BIOMETRIC;android.permission.USE_CREDENTIALS;android.permission.USE_FINGERPRINT;android.permission.VIBRATE;android.permission.WAKE_LOCK;android.permission.WRITE_EXTERNAL_STORAGE;com.amazon.appmanager.preload.permission.READ_PRELOAD_DEVICE_INFO_PROVIDER;com.amazon.dcp.config.permission.DYN_CONFIG_VALUES_UPDATED;com.amazon.dcp.metrics.permission.METRICS_PERMISSION;com.amazon.dcp.settings.permission.READ_SETTINGS;com.amazon.dcp.sso.permission.AmazonAccountPropertyService.property.changed;com.amazon.dcp.sso.permission.CUSTOMER_ATTRIBUTE_SERVICE;com.amazon.dcp.sso.permission.MANAGE_COR_PFM;com.amazon.dcp.sso.permission.USE_DEVICE_CREDENTIALS;com.amazon.dcp.sso.permission.account.changed;com.amazon.identity.auth.device.perm.AUTH_SDK;com.amazon.identity.permission.CALL_AMAZON_DEVICE_INFORMATION_PROVIDER;com.amazon.identity.permission.CAN_CALL_MAP_INFORMATION_PROVIDER;com.amazon.identity.permission.GENERIC_IPC;com.amazon.mShop.android.shopping.DYNAMIC_RECEIVER_NOT_EXPORTED_PERMISSION;com.amazon.whisperjoin.deviceprovisioningservice.AllowListPolicyUpdatePermission;com.amazon.whisperjoin.deviceprovisioningservice.ArcusUpdatePermission;com.amazon.whisperjoin.deviceprovisioningservice.FFSServiceActionPermission;com.android.launcher.permission.INSTALL_SHORTCUT;com.android.launcher.permission.READ_SETTINGS;com.android.vending.BILLING;com.android.vending.CHECK_LICENSE;com.google.android.apps.photos.permission.GOOGLE_PHOTOS;com.google.android.c2dm.permission.RECEIVE;com.google.android.finsky.permission.BIND_GET_INSTALL_REFERRER_SERVICE;com.google.android.gms.permission.AD_ID;com.htc.launcher.permission.READ_SETTINGS;com.htc.launcher.permission.UPDATE_SHORTCUT;com.sec.android.provider.badge.permission.READ;com.sec.android.provider.badge.permission.WRITE
539BE4416D6076B0F1E3F7883E0CD81384534B105AF04FDB587C3B04068DAF17,eu,ecom_2,ecom2,Zalando,de.zalando.mobile,25,android.permission.ACCESS_ADSERVICES_AD_ID;android.permission.ACCESS_ADSERVICES_ATTRIBUTION;android.permission.ACCESS_NETWORK_STATE;android.permission.ACCESS_WIFI_STATE;android.permission.CAMERA;android.permission.FOREGROUND_SERVICE;android.permission.FOREGROUND_SERVICE_DATA_SYNC;android.permission.INTERNET;android.permission.MICROPHONE;android.permission.POST_NOTIFICATIONS;android.permission.READ_EXTERNAL_STORAGE;android.permission.READ_MEDIA_IMAGES;android.permission.READ_MEDIA_VIDEO;android.permission.READ_MEDIA_VISUAL_USER_SELECTED;android.permission.RECEIVE_BOOT_COMPLETED;android.permission.RECORD_AUDIO;android.permission.SCHEDULE_EXACT_ALARM;android.permission.VIBRATE;android.permission.WAKE_LOCK;android.permission.WRITE_EXTERNAL_STORAGE;com.adjust.preinstall.READ_PERMISSION;com.google.android.c2dm.permission.RECEIVE;com.google.android.finsky.permission.BIND_GET_INSTALL_REFERRER_SERVICE;com.google.android.gms.permission.AD_ID;de.zalando.mobile.DYNAMIC_RECEIVER_NOT_EXPORTED_PERMISSION
D112060FE3DFE0438C210E30CE90669EC9D3EC5AF97D4EDE7BBA46D9A3FC672B,eu,ecom_3,ecom3,bol,com.bol.shop,24,android.permission.ACCESS_ADSERVICES_AD_ID;android.permission.ACCESS_ADSERVICES_ATTRIBUTION;android.permission.ACCESS_ADSERVICES_TOPICS;android.permission.ACCESS_NETWORK_STATE;android.permission.ACCESS_WIFI_STATE;android.permission.CAMERA;android.permission.DOWNLOAD_WITHOUT_NOTIFICATION;android.permission.FOREGROUND_SERVICE;android.permission.INTERNET;android.permission.POST_NOTIFICATIONS;android.permission.REORDER_TASKS;android.permission.USE_BIOMETRIC;android.permission.USE_FINGERPRINT;android.permission.VIBRATE;android.permission.WAKE_LOCK;android.permission.WRITE_EXTERNAL_STORAGE;com.bol.shop.DYNAMIC_RECEIVER_NOT_EXPORTED_PERMISSION;com.bol.shop.permission.C2D_MESSAGE;com.google.android.c2dm.permission.RECEIVE;com.google.android.finsky.permission.BIND_GET_INSTALL_REFERRER_SERVICE;com.google.android.gms.permission.AD_ID;com.huawei.appmarket.service.commondata.permission.GET_COMMON_DATA;com.samsung.android.mapsagent.permission.READ_APP_INFO;com.samsung.android.providers.context.permission.WRITE_USE_APP_FEATURE_SURVEY
CA9CE3BA252AD0530AABAE16F6CEAF1206C10D352631AECE6C704790F1C285D8,eu,ecom_4,ecom4,Vinted,fr.vinted,29,android.permission.ACCESS_ADSERVICES_AD_ID;android.permission.ACCESS_ADSERVICES_ATTRIBUTION;android.permission.ACCESS_ADSERVICES_CUSTOM_AUDIENCE;android.permission.ACCESS_ADSERVICES_TOPICS;android.permission.ACCESS_COARSE_LOCATION;android.permission.ACCESS_FINE_LOCATION;android.permission.ACCESS_NETWORK_STATE;android.permission.ACCESS_WIFI_STATE;android.permission.CAMERA;android.permission.CHANGE_WIFI_STATE;android.permission.FOREGROUND_SERVICE;android.permission.HIDE_OVERLAY_WINDOWS;android.permission.INTERNET;android.permission.POST_NOTIFICATIONS;android.permission.READ_EXTERNAL_STORAGE;android.permission.READ_MEDIA_IMAGES;android.permission.READ_MEDIA_VISUAL_USER_SELECTED;android.permission.REORDER_TASKS;android.permission.USE_BIOMETRIC;android.permission.USE_FINGERPRINT;android.permission.VIBRATE;android.permission.WAKE_LOCK;android.permission.WRITE_EXTERNAL_STORAGE;com.applovin.array.apphub.permission.BIND_APPHUB_SERVICE;com.google.android.c2dm.permission.RECEIVE;com.google.android.finsky.permission.BIND_GET_INSTALL_REFERRER_SERVICE;com.google.android.gms.permission.AD_ID;com.google.android.providers.gsf.permission.READ_GSERVICES;fr.vinted.DYNAMIC_RECEIVER_NOT_EXPORTED_PERMISSION
003E0EFCAF3729FC940D44FE0CAD158D2D377D46755532D460E74766A4449B99,eu,gov_eid,gov3,itsme,be.bmid.itsme,18,android.permission.ACCESS_ADSERVICES_AD_ID;android.permission.ACCESS_ADSERVICES_ATTRIBUTION;android.permission.ACCESS_NETWORK_STATE;android.permission.CAMERA;android.permission.HIDE_OVERLAY_WINDOWS;android.permission.INTERNET;android.permission.NFC;android.permission.POST_NOTIFICATIONS;android.permission.READ_EXTERNAL_STORAGE;android.permission.READ_PHONE_STATE;android.permission.REORDER_TASKS;android.permission.USE_BIOMETRIC;android.permission.USE_FINGERPRINT;android.permission.VIBRATE;android.permission.WAKE_LOCK;android.permission.WRITE_EXTERNAL_STORAGE;be.bmid.itsme.DYNAMIC_RECEIVER_NOT_EXPORTED_PERMISSION;com.google.android.c2dm.permission.RECEIVE
36098542A5109843B1517F0F2B3667CB3EA0A84AD3B60E2DA658F5A398D3EE31,eu,gov_portal,gov1,MyGuichet.lu,lu.etat.fp.gun.android,17,android.permission.ACCESS_COARSE_LOCATION;android.permission.ACCESS_FINE_LOCATION;android.permission.ACCESS_NETWORK_STATE;android.permission.BATTERY_STATS;android.permission.CAMERA;android.permission.FLASHLIGHT;android.permission.INTERNET;android.permission.POST_NOTIFICATIONS;android.permission.READ_EXTERNAL_STORAGE;android.permission.RECEIVE_BOOT_COMPLETED;android.permission.USE_BIOMETRIC;android.permission.USE_FINGERPRINT;android.permission.VIBRATE;android.permission.WAKE_LOCK;com.android.vending.CHECK_LICENSE;com.google.android.c2dm.permission.RECEIVE;lu.etat.fp.gun.android.DYNAMIC_RECEIVER_NOT_EXPORTED_PERMISSION
20E4DD695F2E2358736AFD226911EDF1ACA7E988AEC3E33005B7FB22D13BE10C,eu,gov_tax,gov2,impots.gouv,fr.gouv.finances.smartphone.android,37,android.permission.ACCESS_FINE_LOCATION;android.permission.ACCESS_NETWORK_STATE;android.permission.ACCESS_WIFI_STATE;android.permission.CAMERA;android.permission.DOWNLOAD_WITHOUT_NOTIFICATION;android.permission.INTERNET;android.permission.POST_NOTIFICATIONS;android.permission.READ_APP_BADGE;android.permission.READ_CALENDAR;android.permission.READ_EXTERNAL_STORAGE;android.permission.RECEIVE_BOOT_COMPLETED;android.permission.USE_BIOMETRIC;android.permission.USE_FINGERPRINT;android.permission.VIBRATE;android.permission.WAKE_LOCK;android.permission.WRITE_CALENDAR;android.permission.WRITE_EXTERNAL_STORAGE;com.anddoes.launcher.permission.UPDATE_COUNT;com.fingerprints.service.ACCESS_FINGERPRINT_MANAGER;com.google.android.c2dm.permission.RECEIVE;com.google.android.finsky.permission.BIND_GET_INSTALL_REFERRER_SERVICE;com.htc.launcher.permission.READ_SETTINGS;com.htc.launcher.permission.UPDATE_SHORTCUT;com.huawei.android.launcher.permission.CHANGE_BADGE;com.huawei.android.launcher.permission.READ_SETTINGS;com.huawei.android.launcher.permission.WRITE_SETTINGS;com.majeur.launcher.permission.UPDATE_BADGE;com.oppo.launcher.permission.READ_SETTINGS;com.oppo.launcher.permission.WRITE_SETTINGS;com.samsung.android.providers.context.permission.WRITE_USE_APP_FEATURE_SURVEY;com.sec.android.provider.badge.permission.READ;com.sec.android.provider.badge.permission.WRITE;com.sonyericsson.home.permission.BROADCAST_BADGE;com.sonymobile.home.permission.PROVIDER_INSERT_BADGE;fr.gouv.finances.smartphone.android.DYNAMIC_RECEIVER_NOT_EXPORTED_PERMISSION;me.everything.badger.permission.BADGE_COUNT_READ;me.everything.badger.permission.BADGE_COUNT_WRITE
4A8C965A2C484F664CD4B426BE9F10A40BFF2EBE667A3983F889277BCC1B4C8E,eu,health,health,Doctena,goodsoft.pl.doctenalu,27,android.permission.ACCESS_NETWORK_STATE;android.permission.FOREGROUND_SERVICE;android.permission.INTERNET;android.permission.POST_NOTIFICATIONS;android.permission.READ_APP_BADGE;android.permission.READ_PHONE_STATE;android.permission.RECEIVE_BOOT_COMPLETED;android.permission.VIBRATE;android.permission.WAKE_LOCK;com.anddoes.launcher.permission.UPDATE_COUNT;com.google.android.c2dm.permission.RECEIVE;com.htc.launcher.permission.READ_SETTINGS;com.htc.launcher.permission.UPDATE_SHORTCUT;com.huawei.android.launcher.permission.CHANGE_BADGE;com.huawei.android.launcher.permission.READ_SETTINGS;com.huawei.android.launcher.permission.WRITE_SETTINGS;com.majeur.launcher.permission.UPDATE_BADGE;com.oppo.launcher.permission.READ_SETTINGS;com.oppo.launcher.permission.WRITE_SETTINGS;com.sec.android.provider.badge.permission.READ;com.sec.android.provider.badge.permission.WRITE;com.sonyericsson.home.permission.BROADCAST_BADGE;com.sonymobile.home.permission.PROVIDER_INSERT_BADGE;goodsoft.pl.doctenalu.DYNAMIC_RECEIVER_NOT_EXPORTED_PERMISSION;goodsoft.pl.doctenalu.permission.C2D_MESSAGE;me.everything.badger.permission.BADGE_COUNT_READ;me.everything.badger.permission.BADGE_COUNT_WRITE
3AEAD4E3997767D098B6B77592AA056E7CDB06C1DA74A056A1397D0761D20CA1,eu,msg_1,msg1,WhatsApp,com.whatsapp,83,android.permission.ACCESS_COARSE_LOCATION;android.permission.ACCESS_FINE_LOCATION;android.permission.ACCESS_MEDIA_LOCATION;android.permission.ACCESS_NETWORK_STATE;android.permission.ACCESS_WIFI_STATE;android.permission.AUTHENTICATE_ACCOUNTS;android.permission.BLUETOOTH;android.permission.BLUETOOTH_ADMIN;android.permission.BLUETOOTH_ADVERTISE;android.permission.BLUETOOTH_CONNECT;android.permission.BLUETOOTH_SCAN;android.permission.BROADCAST_STICKY;android.permission.CAMERA;android.permission.CHANGE_NETWORK_STATE;android.permission.CHANGE_WIFI_STATE;android.permission.DETECT_SCREEN_CAPTURE;android.permission.FOREGROUND_SERVICE;android.permission.FOREGROUND_SERVICE_CAMERA;android.permission.FOREGROUND_SERVICE_DATA_SYNC;android.permission.FOREGROUND_SERVICE_LOCATION;android.permission.FOREGROUND_SERVICE_MEDIA_PROJECTION;android.permission.FOREGROUND_SERVICE_MICROPHONE;android.permission.FOREGROUND_SERVICE_PHONE_CALL;android.permission.GET_ACCOUNTS;android.permission.GET_TASKS;android.permission.INSTALL_SHORTCUT;android.permission.INTERNET;android.permission.MANAGE_ACCOUNTS;android.permission.MANAGE_OWN_CALLS;android.permission.MODIFY_AUDIO_SETTINGS;android.permission.NEARBY_WIFI_DEVICES;android.permission.NFC;android.permission.POST_NOTIFICATIONS;android.permission.READ_BASIC_PHONE_STATE;android.permission.READ_CONTACTS;android.permission.READ_EXTERNAL_STORAGE;android.permission.READ_MEDIA_AUDIO;android.permission.READ_MEDIA_IMAGES;android.permission.READ_MEDIA_VIDEO;android.permission.READ_MEDIA_VISUAL_USER_SELECTED;android.permission.READ_PHONE_NUMBERS;android.permission.READ_PHONE_STATE;android.permission.READ_PROFILE;android.permission.READ_SYNC_SETTINGS;android.permission.READ_SYNC_STATS;android.permission.RECEIVE_BOOT_COMPLETED;android.permission.RECEIVE_SMS;android.permission.RECORD_AUDIO;android.permission.REQUEST_INSTALL_PACKAGES;android.permission.RUN_USER_INITIATED_JOBS;android.permission.SCHEDULE_EXACT_ALARM;android.permission.SEND_SMS;android.permission.USE_BIOMETRIC;android.permission.USE_CREDENTIALS;android.permission.USE_FINGERPRINT;android.permission.USE_FULL_SCREEN_INTENT;android.permission.VIBRATE;android.permission.WAKE_LOCK;android.permission.WRITE_CONTACTS;android.permission.WRITE_EXTERNAL_STORAGE;android.permission.WRITE_SYNC_SETTINGS;com.android.launcher.permission.INSTALL_SHORTCUT;com.android.launcher.permission.UNINSTALL_SHORTCUT;com.android.vending.BILLING;com.facebook.services.identity.FEO2;com.google.android.c2dm.permission.RECEIVE;com.google.android.finsky.permission.BIND_GET_INSTALL_REFERRER_SERVICE;com.google.android.gms.permission.AD_ID;com.google.android.providers.gsf.permission.READ_GSERVICES;com.htc.launcher.permission.READ_SETTINGS;com.htc.launcher.permission.UPDATE_SHORTCUT;com.huawei.android.launcher.permission.CHANGE_BADGE;com.huawei.android.launcher.permission.READ_SETTINGS;com.huawei.android.launcher.permission.WRITE_SETTINGS;com.sec.android.provider.badge.permission.READ;com.sec.android.provider.badge.permission.WRITE;com.sonyericsson.home.permission.BROADCAST_BADGE;com.sonymobile.home.permission.PROVIDER_INSERT_BADGE;com.whatsapp.DYNAMIC_RECEIVER_NOT_EXPORTED_PERMISSION;com.whatsapp.permission.BROADCAST;com.whatsapp.permission.MAPS_RECEIVE;com.whatsapp.permission.REGISTRATION;com.whatsapp.sticker.READ
0B387F643423A3F4F9D5D6708A2B05E3E72B5C0147D040D5D3BA40F128FB9F7F,eu,msg_2,msg2,Telegram,org.telegram.messenger,71,android.permission.ACCESS_BACKGROUND_LOCATION;android.permission.ACCESS_COARSE_LOCATION;android.permission.ACCESS_FINE_LOCATION;android.permission.ACCESS_MEDIA_LOCATION;android.permission.ACCESS_NETWORK_STATE;android.permission.ACCESS_WIFI_STATE;android.permission.AUTHENTICATE_ACCOUNTS;android.permission.BLUETOOTH;android.permission.BLUETOOTH_CONNECT;android.permission.CALL_PHONE;android.permission.CAMERA;android.permission.FOREGROUND_SERVICE;android.permission.FOREGROUND_SERVICE_CAMERA;android.permission.FOREGROUND_SERVICE_DATA_SYNC;android.permission.FOREGROUND_SERVICE_LOCATION;android.permission.FOREGROUND_SERVICE_MEDIA_PLAYBACK;android.permission.FOREGROUND_SERVICE_MEDIA_PROJECTION;android.permission.FOREGROUND_SERVICE_MICROPHONE;android.permission.GET_ACCOUNTS;android.permission.INSTALL_SHORTCUT;android.permission.INTERNET;android.permission.MANAGE_ACCOUNTS;android.permission.MANAGE_OWN_CALLS;android.permission.MODIFY_AUDIO_SETTINGS;android.permission.POST_NOTIFICATIONS;android.permission.READ_APP_BADGE;android.permission.READ_CALL_LOG;android.permission.READ_CLIPBOARD;android.permission.READ_CONTACTS;android.permission.READ_EXTERNAL_STORAGE;android.permission.READ_MEDIA_AUDIO;android.permission.READ_MEDIA_IMAGES;android.permission.READ_MEDIA_VIDEO;android.permission.READ_PHONE_NUMBERS;android.permission.READ_PHONE_STATE;android.permission.READ_PROFILE;android.permission.READ_SYNC_SETTINGS;android.permission.RECEIVE_BOOT_COMPLETED;android.permission.RECORD_AUDIO;android.permission.REQUEST_INSTALL_PACKAGES;android.permission.SYSTEM_ALERT_WINDOW;android.permission.USE_BIOMETRIC;android.permission.USE_FINGERPRINT;android.permission.USE_FULL_SCREEN_INTENT;android.permission.VIBRATE;android.permission.WAKE_LOCK;android.permission.WRITE_CONTACTS;android.permission.WRITE_EXTERNAL_STORAGE;android.permission.WRITE_SYNC_SETTINGS;com.anddoes.launcher.permission.UPDATE_COUNT;com.android.launcher.permission.INSTALL_SHORTCUT;com.android.launcher.permission.UNINSTALL_SHORTCUT;com.android.vending.BILLING;com.google.android.c2dm.permission.RECEIVE;com.google.android.providers.gsf.permission.READ_GSERVICES;com.htc.launcher.permission.READ_SETTINGS;com.htc.launcher.permission.UPDATE_SHORTCUT;com.huawei.android.launcher.permission.CHANGE_BADGE;com.huawei.android.launcher.permission.READ_SETTINGS;com.huawei.android.launcher.permission.WRITE_SETTINGS;com.majeur.launcher.permission.UPDATE_BADGE;com.oppo.launcher.permission.READ_SETTINGS;com.oppo.launcher.permission.WRITE_SETTINGS;com.sec.android.provider.badge.permission.READ;com.sec.android.provider.badge.permission.WRITE;com.sonyericsson.home.permission.BROADCAST_BADGE;com.sonymobile.home.permission.PROVIDER_INSERT_BADGE;me.everything.badger.permission.BADGE_COUNT_READ;me.everything.badger.permission.BADGE_COUNT_WRITE;org.telegram.messenger.DYNAMIC_RECEIVER_NOT_EXPORTED_PERMISSION;org.telegram.messenger.permission.MAPS_RECEIVE
AF94CFC4463207594EEBEDEBEE47C5B2455F38BA3611988785FFFBCD87B85302,eu,social_1,social1,Facebook,com.facebook.katana,91,android.permission.ACCESS_ADSERVICES_AD_ID;android.permission.ACCESS_ADSERVICES_ATTRIBUTION;android.permission.ACCESS_ADSERVICES_CUSTOM_AUDIENCE;android.permission.ACCESS_ADSERVICES_TOPICS;android.permission.ACCESS_COARSE_LOCATION;android.permission.ACCESS_FINE_LOCATION;android.permission.ACCESS_MEDIA_LOCATION;android.permission.ACCESS_NETWORK_STATE;android.permission.ACCESS_WIFI_STATE;android.permission.AUTHENTICATE_ACCOUNTS;android.permission.BATTERY_STATS;android.permission.BLUETOOTH;android.permission.BLUETOOTH_CONNECT;android.permission.BROADCAST_STICKY;android.permission.CAMERA;android.permission.CAPTURE_VIDEO_OUTPUT;android.permission.CHANGE_NETWORK_STATE;android.permission.CHANGE_WIFI_STATE;android.permission.CREDENTIAL_MANAGER_SET_ALLOWED_PROVIDERS;android.permission.DETECT_SCREEN_CAPTURE;android.permission.DETECT_SCREEN_RECORDING;android.permission.DOWNLOAD_WITHOUT_NOTIFICATION;android.permission.FOREGROUND_SERVICE;android.permission.FOREGROUND_SERVICE_CAMERA;android.permission.FOREGROUND_SERVICE_CONNECTED_DEVICE;android.permission.FOREGROUND_SERVICE_DATA_SYNC;android.permission.FOREGROUND_SERVICE_MEDIA_PLAYBACK;android.permission.FOREGROUND_SERVICE_MEDIA_PROJECTION;android.permission.FOREGROUND_SERVICE_MICROPHONE;android.permission.FOREGROUND_SERVICE_PHONE_CALL;android.permission.GET_ACCOUNTS;android.permission.GET_TASKS;android.permission.INTERNET;android.permission.MANAGE_ACCOUNTS;android.permission.MANAGE_OWN_CALLS;android.permission.MODIFY_AUDIO_SETTINGS;android.permission.NFC;android.permission.POST_NOTIFICATIONS;android.permission.READ_BASIC_PHONE_STATE;android.permission.READ_CALENDAR;android.permission.READ_CONTACTS;android.permission.READ_EXTERNAL_STORAGE;android.permission.READ_MEDIA_IMAGES;android.permission.READ_MEDIA_VIDEO;android.permission.READ_MEDIA_VISUAL_USER_SELECTED;android.permission.READ_PHONE_STATE;android.permission.READ_PROFILE;android.permission.READ_SYNC_SETTINGS;android.permission.RECEIVE_BOOT_COMPLETED;android.permission.RECORD_AUDIO;android.permission.REORDER_TASKS;android.permission.REQUEST_IGNORE_BATTERY_OPTIMIZATIONS;android.permission.RUN_USER_INITIATED_JOBS;android.permission.SYSTEM_ALERT_WINDOW;android.permission.USE_BIOMETRIC;android.permission.USE_FINGERPRINT;android.permission.USE_FULL_SCREEN_INTENT;android.permission.VIBRATE;android.permission.WAKE_LOCK;android.permission.WRITE_CALENDAR;android.permission.WRITE_CONTACTS;android.permission.WRITE_EXTERNAL_STORAGE;android.permission.WRITE_SYNC_SETTINGS;com.amazon.device.messaging.permission.RECEIVE;com.android.launcher.permission.INSTALL_SHORTCUT;com.android.vending.BILLING;com.facebook.appmanager.UNPROTECTED_API_ACCESS;com.facebook.katana.DYNAMIC_RECEIVER_NOT_EXPORTED_PERMISSION;com.facebook.katana.permission.CREATE_SHORTCUT;com.facebook.katana.permission.CROSS_PROCESS_BROADCAST_MANAGER;com.facebook.katana.permission.RECEIVE_ADM_MESSAGE;com.facebook.katana.provider.ACCESS;com.facebook.mlite.provider.ACCESS;com.facebook.orca.provider.ACCESS;com.facebook.pages.app.provider.ACCESS;com.facebook.permission.prod.FB_APP_COMMUNICATION;com.facebook.receiver.permission.ACCESS;com.facebook.services.identity.FEO2;com.google.android.c2dm.permission.RECEIVE;com.google.android.finsky.permission.BIND_GET_INSTALL_REFERRER_SERVICE;com.google.android.gms.permission.AD_ID;com.google.android.providers.gsf.permission.READ_GSERVICES;com.htc.launcher.permission.READ_SETTINGS;com.htc.launcher.permission.UPDATE_SHORTCUT;com.motorola.launcher3.permission.UNREAD_BADGE;com.nokia.pushnotifications.permission.RECEIVE;com.oculus.twilight.provider.ACCESS;com.sec.android.provider.badge.permission.READ;com.sec.android.provider.badge.permission.WRITE;com.sonyericsson.home.permission.BROADCAST_BADGE;com.sonymobile.home.permission.PROVIDER_INSERT_BADGE
CEEDC4D662EE8DA8E631F990D81074DD344E4AAC66A03DA66785872072B95AEB,eu,social_2,social2,X,com.twitter.android,68,android.permission.ACCESS_ADSERVICES_AD_ID;android.permission.ACCESS_ADSERVICES_ATTRIBUTION;android.permission.ACCESS_ADSERVICES_TOPICS;android.permission.ACCESS_COARSE_LOCATION;android.permission.ACCESS_FINE_LOCATION;android.permission.ACCESS_NETWORK_STATE;android.permission.ACCESS_WIFI_STATE;android.permission.AD_SERVICES_CONFIG;android.permission.AUTHENTICATE_ACCOUNTS;android.permission.BLUETOOTH;android.permission.BLUETOOTH_CONNECT;android.permission.CAMERA;android.permission.CHANGE_NETWORK_STATE;android.permission.DETECT_SCREEN_CAPTURE;android.permission.FOREGROUND_SERVICE;android.permission.FOREGROUND_SERVICE_CAMERA;android.permission.FOREGROUND_SERVICE_DATA_SYNC;android.permission.FOREGROUND_SERVICE_MEDIA_PLAYBACK;android.permission.FOREGROUND_SERVICE_MEDIA_PROJECTION;android.permission.FOREGROUND_SERVICE_MICROPHONE;android.permission.GET_ACCOUNTS;android.permission.INTERNET;android.permission.MANAGE_ACCOUNTS;android.permission.MANAGE_OWN_CALLS;android.permission.MODIFY_AUDIO_SETTINGS;android.permission.POST_NOTIFICATIONS;android.permission.READ_CONTACTS;android.permission.READ_EXTERNAL_STORAGE;android.permission.READ_MEDIA_IMAGES;android.permission.READ_MEDIA_VIDEO;android.permission.READ_MEDIA_VISUAL_USER_SELECTED;android.permission.READ_PHONE_STATE;android.permission.READ_PROFILE;android.permission.READ_SYNC_SETTINGS;android.permission.RECORD_AUDIO;android.permission.SHOW_ON_LOCK_SCREEN;android.permission.SYSTEM_ALERT_WINDOW;android.permission.USE_BIOMETRIC;android.permission.USE_CREDENTIALS;android.permission.USE_FINGERPRINT;android.permission.USE_FULL_SCREEN_INTENT;android.permission.VIBRATE;android.permission.WAKE_LOCK;android.permission.WRITE_EXTERNAL_STORAGE;android.permission.WRITE_SYNC_SETTINGS;com.anddoes.launcher.permission.UPDATE_COUNT;com.android.launcher.permission.INSTALL_SHORTCUT;com.android.vending.BILLING;com.android.vending.CHECK_LICENSE;com.google.android.c2dm.permission.RECEIVE;com.google.android.finsky.permission.BIND_GET_INSTALL_REFERRER_SERVICE;com.google.android.gms.permission.AD_ID;com.google.android.providers.gsf.permission.READ_GSERVICES;com.htc.launcher.permission.READ_SETTINGS;com.htc.launcher.permission.UPDATE_SHORTCUT;com.huawei.android.launcher.permission.CHANGE_BADGE;com.huawei.android.launcher.permission.READ_SETTINGS;com.huawei.android.launcher.permission.WRITE_SETTINGS;com.oppo.launcher.permission.READ_SETTINGS;com.oppo.launcher.permission.WRITE_SETTINGS;com.sec.android.provider.badge.permission.READ;com.sec.android.provider.badge.permission.WRITE;com.sonyericsson.home.permission.BROADCAST_BADGE;com.sonymobile.home.permission.PROVIDER_INSERT_BADGE;com.twitter.account.ACCESS_ACCOUNT_PROVIDER;com.twitter.android.DYNAMIC_RECEIVER_NOT_EXPORTED_PERMISSION;com.twitter.android.auth.login.ACCESS;com.twitter.android.permission.RESTRICTED
35154DA070E162CE661E5A7874030A052F71A40F8F0D72FD00D9DEDF8400AC0C,eu,transport_maps,maps,Google Maps,com.google.android.apps.maps,49,android.permission.ACCESS_ADSERVICES_ATTRIBUTION;android.permission.ACCESS_BACKGROUND_LOCATION;android.permission.ACCESS_COARSE_LOCATION;android.permission.ACCESS_FINE_LOCATION;android.permission.ACCESS_NETWORK_STATE;android.permission.ACCESS_WIFI_STATE;android.permission.ACTIVITY_RECOGNITION;android.permission.BROADCAST_STICKY;android.permission.CAMERA;android.permission.CHANGE_NETWORK_STATE;android.permission.CHANGE_WIFI_STATE;android.permission.DETECT_SCREEN_CAPTURE;android.permission.DISABLE_KEYGUARD;android.permission.DOWNLOAD_WITHOUT_NOTIFICATION;android.permission.FOREGROUND_SERVICE;android.permission.FOREGROUND_SERVICE_DATA_SYNC;android.permission.FOREGROUND_SERVICE_LOCATION;android.permission.FOREGROUND_SERVICE_MEDIA_PROCESSING;android.permission.GET_ACCOUNTS;android.permission.GET_PACKAGE_SIZE;android.permission.INTERNET;android.permission.MANAGE_ACCOUNTS;android.permission.NFC;android.permission.POST_NOTIFICATIONS;android.permission.POST_PROMOTED_NOTIFICATIONS;android.permission.READ_CONTACTS;android.permission.READ_EXTERNAL_STORAGE;android.permission.READ_MEDIA_IMAGES;android.permission.READ_MEDIA_VIDEO;android.permission.READ_MEDIA_VISUAL_USER_SELECTED;android.permission.READ_SYNC_SETTINGS;android.permission.RECEIVE_BOOT_COMPLETED;android.permission.RECORD_AUDIO;android.permission.RUN_USER_INITIATED_JOBS;android.permission.SCHEDULE_EXACT_ALARM;android.permission.USE_CREDENTIALS;android.permission.VIBRATE;android.permission.WAKE_LOCK;android.permission.WRITE_EXTERNAL_STORAGE;android.permission.WRITE_SYNC_SETTINGS;com.android.launcher.permission.INSTALL_SHORTCUT;com.google.android.apps.maps.DYNAMIC_RECEIVER_NOT_EXPORTED_PERMISSION;com.google.android.c2dm.permission.RECEIVE;com.google.android.gms.permission.ACTIVITY_RECOGNITION;com.google.android.gms.permission.AD_ID;com.google.android.gms.permission.CAR_SPEED;com.google.android.googlequicksearchbox.permission.LAUNCH_FROM_GMM;com.google.android.googlequicksearchbox.permission.LENSVIEW_BROADCAST;com.google.android.providers.gsf.permission.READ_GSERVICES
36619D4E2EA10AED11E8C77866ED5D167425548B1AD2C6D1EFF2850CA747A7AE,eu,transport_rail,rail1,DB Navigator,de.hafas.android.db,19,android.permission.ACCESS_COARSE_LOCATION;android.permission.ACCESS_FINE_LOCATION;android.permission.ACCESS_NETWORK_STATE;android.permission.ACCESS_SUPERUSER;android.permission.ACCESS_WIFI_STATE;android.permission.CAMERA;android.permission.FOREGROUND_SERVICE;android.permission.INTERNET;android.permission.NFC;android.permission.POST_NOTIFICATIONS;android.permission.READ_EXTERNAL_STORAGE;android.permission.READ_PHONE_STATE;android.permission.RECEIVE_BOOT_COMPLETED;android.permission.WAKE_LOCK;com.google.android.c2dm.permission.RECEIVE;com.google.android.finsky.permission.BIND_GET_INSTALL_REFERRER_SERVICE;com.google.android.gms.permission.AD_ID;de.hafas.android.db.DYNAMIC_RECEIVER_NOT_EXPORTED_PERMISSION;de.hafas.android.db.KRV_BROADCAST_PERMISSION
0DDA4438798F8A0AA016687F06909F883CE54000A576BE80CDC9BC7729215525,eu,transport_rail,rail2,Mobiliteit.lu,de.hafas.android.cdt,17,android.permission.ACCESS_COARSE_LOCATION;android.permission.ACCESS_FINE_LOCATION;android.permission.ACCESS_NETWORK_STATE;android.permission.FOREGROUND_SERVICE;android.permission.FOREGROUND_SERVICE_LOCATION;android.permission.INTERNET;android.permission.POST_NOTIFICATIONS;android.permission.READ_CONTACTS;android.permission.RECEIVE_BOOT_COMPLETED;android.permission.SCHEDULE_EXACT_ALARM;android.permission.VIBRATE;android.permission.WAKE_LOCK;com.android.launcher.permission.INSTALL_SHORTCUT;com.google.android.c2dm.permission.RECEIVE;com.google.android.gms.permission.AD_ID;de.hafas.android.cdt.DYNAMIC_RECEIVER_NOT_EXPORTED_PERMISSION;de.hafas.android.cdt.permission.INTERAPP
B6101DA1A808E1DE0FFB8FFBBA7CEF2229E7DE08AA5D10AA6DE37D629CDF142F,eu,transport_taxi,taxi,Bolt,ee.mtakso.client,40,android.permission.ACCESS_ADSERVICES_AD_ID;android.permission.ACCESS_ADSERVICES_ATTRIBUTION;android.permission.ACCESS_BACKGROUND_LOCATION;android.permission.ACCESS_COARSE_LOCATION;android.permission.ACCESS_FINE_LOCATION;android.permission.ACCESS_NETWORK_STATE;android.permission.ACCESS_WIFI_STATE;android.permission.BLUETOOTH;android.permission.BLUETOOTH_ADMIN;android.permission.BLUETOOTH_ADVERTISE;android.permission.BLUETOOTH_CONNECT;android.permission.BLUETOOTH_SCAN;android.permission.CAMERA;android.permission.FOREGROUND_SERVICE;android.permission.FOREGROUND_SERVICE_LOCATION;android.permission.FOREGROUND_SERVICE_MICROPHONE;android.permission.FOREGROUND_SERVICE_PHONE_CALL;android.permission.GET_PACKAGE_SIZE;android.permission.INTERNET;android.permission.MANAGE_OWN_CALLS;android.permission.MODIFY_AUDIO_SETTINGS;android.permission.NFC;android.permission.POST_NOTIFICATIONS;android.permission.POST_PROMOTED_NOTIFICATIONS;android.permission.READ_CALENDAR;android.permission.RECEIVE_BOOT_COMPLETED;android.permission.RECORD_AUDIO;android.permission.USE_BIOMETRIC;android.permission.USE_FINGERPRINT;android.permission.USE_FULL_SCREEN_INTENT;android.permission.VIBRATE;android.permission.WAKE_LOCK;android.permission.WRITE_CALENDAR;com.google.android.c2dm.permission.RECEIVE;com.google.android.finsky.permission.BIND_GET_INSTALL_REFERRER_SERVICE;com.google.android.gms.permission.AD_ID;com.google.android.providers.gsf.permission.READ_GSERVICES;com.huawei.appmarket.service.commondata.permission.GET_COMMON_DATA;com.samsung.android.mapsagent.permission.READ_APP_INFO;ee.mtakso.client.DYNAMIC_RECEIVER_NOT_EXPORTED_PERMISSION
25689DB366425428AB6C683D1ABE2FC7A9DA2C5DE5132F23F1A194619B5AA141,ru,bank_1,bank1,Sberbank,ru.sberbankmobile,68,android.permission.ACCESS_ADSERVICES_AD_ID;android.permission.ACCESS_ADSERVICES_ATTRIBUTION;android.permission.ACCESS_COARSE_LOCATION;android.permission.ACCESS_FINE_LOCATION;android.permission.ACCESS_NETWORK_STATE;android.permission.ACCESS_WIFI_STATE;android.permission.ANSWER_PHONE_CALLS;android.permission.AUTHENTICATE_ACCOUNTS;android.permission.BLUETOOTH;android.permission.BLUETOOTH_ADMIN;android.permission.BLUETOOTH_ADVERTISE;android.permission.BLUETOOTH_CONNECT;android.permission.BLUETOOTH_SCAN;android.permission.CALL_PHONE;android.permission.CAMERA;android.permission.CHANGE_NETWORK_STATE;android.permission.CHANGE_WIFI_STATE;android.permission.DETECT_SCREEN_CAPTURE;android.permission.DOWNLOAD_WITHOUT_NOTIFICATION;android.permission.FLASHLIGHT;android.permission.FOREGROUND_SERVICE;android.permission.FOREGROUND_SERVICE_DATA_SYNC;android.permission.FOREGROUND_SERVICE_MICROPHONE;android.permission.FOREGROUND_SERVICE_PHONE_CALL;android.permission.FOREGROUND_SERVICE_SPECIAL_USE;android.permission.GET_ACCOUNTS;android.permission.GET_TASKS;android.permission.HIGH_SAMPLING_RATE_SENSORS;android.permission.INTERNET;android.permission.KILL_BACKGROUND_PROCESSES;android.permission.MANAGE_ACCOUNTS;android.permission.MANAGE_EXTERNAL_STORAGE;android.permission.MANAGE_OWN_CALLS;android.permission.MODIFY_AUDIO_SETTINGS;android.permission.NFC;android.permission.POST_NOTIFICATIONS;android.permission.QUERY_ALL_PACKAGES;android.permission.QUICKBOOT_POWERON;android.permission.READ_CALL_LOG;android.permission.READ_CONTACTS;android.permission.READ_EXTERNAL_STORAGE;android.permission.READ_MEDIA_IMAGES;android.permission.READ_MEDIA_VISUAL_USER_SELECTED;android.permission.READ_PHONE_STATE;android.permission.READ_SYNC_SETTINGS;android.permission.RECEIVE_BOOT_COMPLETED;android.permission.RECORD_AUDIO;android.permission.REQUEST_DELETE_PACKAGES;android.permission.REQUEST_IGNORE_BATTERY_OPTIMIZATIONS;android.permission.REQUEST_INSTALL_PACKAGES;android.permission.SYSTEM_ALERT_WINDOW;android.permission.UPDATE_PACKAGES_WITHOUT_USER_ACTION;android.permission.USE_BIOMETRIC;android.permission.USE_FINGERPRINT;android.permission.VIBRATE;android.permission.WAKE_LOCK;android.permission.WRITE_CONTACTS;android.permission.WRITE_EMBEDDED_SUBSCRIPTIONS;android.permission.WRITE_EXTERNAL_STORAGE;android.permission.WRITE_SYNC_SETTINGS;com.google.android.c2dm.permission.RECEIVE;com.google.android.finsky.permission.BIND_GET_INSTALL_REFERRER_SERVICE;com.google.android.gms.permission.AD_ID;com.google.android.providers.gsf.permission.READ_GSERVICES;ru.rtlabs.mobile.ebs.gosuslugi.permission.VERIFICATION;ru.sberbankmobile.DYNAMIC_RECEIVER_NOT_EXPORTED_PERMISSION;ru.sberbankmobile.permission.PROCESS_PUSH_MSG;ru.sberbankmobile.permission.PUSH_PROVIDER
AEB8DD6E08F45707C0250F88B340D52A5DAB11D818C9BDD87DB4D64ACDB69DA5,ru,bank_2,bank2,Tinkoff,com.idamob.tinkoff.android,75,android.permission.ACCESS_ADSERVICES_ATTRIBUTION;android.permission.ACCESS_BACKGROUND_LOCATION;android.permission.ACCESS_COARSE_LOCATION;android.permission.ACCESS_FINE_LOCATION;android.permission.ACCESS_MEDIA_LOCATION;android.permission.ACCESS_NETWORK_STATE;android.permission.ACCESS_WIFI_STATE;android.permission.BLUETOOTH;android.permission.BLUETOOTH_ADMIN;android.permission.BLUETOOTH_CONNECT;android.permission.BLUETOOTH_SCAN;android.permission.CALL_PHONE;android.permission.CAMERA;android.permission.CHANGE_NETWORK_STATE;android.permission.CHANGE_WIFI_STATE;android.permission.DETECT_SCREEN_CAPTURE;android.permission.DETECT_SCREEN_RECORDING;android.permission.DOWNLOAD_WITHOUT_NOTIFICATION;android.permission.FOREGROUND_SERVICE;android.permission.FOREGROUND_SERVICE_CAMERA;android.permission.FOREGROUND_SERVICE_DATA_SYNC;android.permission.FOREGROUND_SERVICE_LOCATION;android.permission.FOREGROUND_SERVICE_MEDIA_PLAYBACK;android.permission.FOREGROUND_SERVICE_MEDIA_PROCESSING;android.permission.FOREGROUND_SERVICE_MICROPHONE;android.permission.FOREGROUND_SERVICE_PHONE_CALL;android.permission.HIGH_SAMPLING_RATE_SENSORS;android.permission.INTERNET;android.permission.MANAGE_OWN_CALLS;android.permission.MODIFY_AUDIO_SETTINGS;android.permission.NEARBY_WIFI_DEVICES;android.permission.NFC;android.permission.POST_NOTIFICATIONS;android.permission.QUERY_ALL_PACKAGES;android.permission.READ_CALENDAR;android.permission.READ_CALL_LOG;android.permission.READ_CONTACTS;android.permission.READ_EXTERNAL_STORAGE;android.permission.READ_MEDIA_AUDIO;android.permission.READ_MEDIA_IMAGES;android.permission.READ_MEDIA_VIDEO;android.permission.READ_PHONE_NUMBERS;android.permission.READ_PHONE_STATE;android.permission.READ_SECURE_SETTINGS;android.permission.RECEIVE_BOOT_COMPLETED;android.permission.RECORD_AUDIO;android.permission.REQUEST_INSTALL_PACKAGES;android.permission.SCHEDULE_EXACT_ALARM;android.permission.SYSTEM_ALERT_WINDOW;android.permission.UPDATE_PACKAGES_WITHOUT_USER_ACTION;android.permission.USE_BIOMETRIC;android.permission.USE_EXACT_ALARM;android.permission.USE_FINGERPRINT;android.permission.USE_FULL_SCREEN_INTENT;android.permission.USE_SPI;android.permission.VIBRATE;android.permission.WAKE_LOCK;android.permission.WRITE_CALENDAR;android.permission.WRITE_CONTACTS;android.permission.WRITE_EXTERNAL_STORAGE;android.permission.WRITE_MEDIA_IMAGES;com.android.alarm.permission.SET_ALARM;com.google.android.c2dm.permission.RECEIVE;com.google.android.gms.permission.AD_ID;com.google.android.providers.gsf.permission.READ_GSERVICES;com.huawei.appmarket.service.commondata.permission.GET_COMMON_DATA;com.huawei.permission.ACCESS_HW_KEYSTORE;com.idamob.tinkoff.android.DYNAMIC_RECEIVER_NOT_EXPORTED_PERMISSION;com.idamob.tinkoff.android.permission.PROCESS_PUSH_MSG;com.idamob.tinkoff.android.permission.PUSH_PROVIDER;com.idamob.tinkoff.android.permission.pushserver.RECEIVE;com.samsung.android.mapsagent.permission.READ_APP_INFO;com.samsung.android.providers.context.permission.WRITE_USE_APP_FEATURE_SURVEY;ru.rtlabs.mobile.ebs.gosuslugi.permission.VERIFICATION;ru.tbank.twork.permission.TWORK_ENTRY_POINT_PERMISSION
EE840CCCB173415F19C6C05F77D90483507F5FA6E523452C6347DBFA68CAA106,ru,bank_3,bank3,Alfa Bank,ru.alfabank.oavdo.amc,46,android.permission.ACCESS_ADSERVICES_AD_ID;android.permission.ACCESS_ADSERVICES_ATTRIBUTION;android.permission.ACCESS_COARSE_LOCATION;android.permission.ACCESS_FINE_LOCATION;android.permission.ACCESS_NETWORK_STATE;android.permission.ACCESS_WIFI_STATE;android.permission.BLUETOOTH;android.permission.BLUETOOTH_ADMIN;android.permission.BLUETOOTH_CONNECT;android.permission.CAMERA;android.permission.CHANGE_WIFI_STATE;android.permission.FOREGROUND_SERVICE;android.permission.GET_ACCOUNTS;android.permission.INTERNET;android.permission.NFC;android.permission.POST_NOTIFICATIONS;android.permission.READ_CONTACTS;android.permission.READ_EXTERNAL_STORAGE;android.permission.READ_MEDIA_IMAGES;android.permission.READ_PHONE_STATE;android.permission.RECEIVE_BOOT_COMPLETED;android.permission.RECORD_AUDIO;android.permission.REQUEST_IGNORE_BATTERY_OPTIMIZATIONS;android.permission.REQUEST_INSTALL_PACKAGES;android.permission.UPDATE_PACKAGES_WITHOUT_USER_ACTION;android.permission.USB_PERMISSION;android.permission.USE_BIOMETRIC;android.permission.USE_FINGERPRINT;android.permission.USE_SPI;android.permission.VIBRATE;android.permission.WAKE_LOCK;android.permission.WRITE_CONTACTS;android.permission.WRITE_EXTERNAL_STORAGE;android.permission.health.READ_STEPS;com.google.android.c2dm.permission.RECEIVE;com.google.android.finsky.permission.BIND_GET_INSTALL_REFERRER_SERVICE;com.google.android.gms.permission.AD_ID;com.google.android.providers.gsf.permission.READ_GSERVICES;com.huawei.appmarket.service.commondata.permission.GET_COMMON_DATA;com.huawei.permission.ACCESS_HW_KEYSTORE;ru.alfabank.oavdo.amc.DYNAMIC_RECEIVER_NOT_EXPORTED_PERMISSION;ru.alfabank.oavdo.amc.permission.C2D_MESSAGE;ru.alfabank.oavdo.amc.permission.PROCESS_PUSH_MSG;ru.alfabank.oavdo.amc.permission.PUSH_CLEAR;ru.alfabank.oavdo.amc.permission.PUSH_PROVIDER;ru.alfabank.oavdo.amc.permission.pushserver.RECEIVE
DFCA79723F76139789279379A3DCEEDB483E85F8500A53E74B2616A2FC6E7A3B,ru,bank_4,bank4,VTB,ru.vtb24.mobilebanking.android,63,android.permission.ACCESS_BACKGROUND_LOCATION;android.permission.ACCESS_COARSE_LOCATION;android.permission.ACCESS_FINE_LOCATION;android.permission.ACCESS_NETWORK_STATE;android.permission.ACCESS_WIFI_STATE;android.permission.AUTHENTICATE_ACCOUNTS;android.permission.BIND_REMOTEVIEWS;android.permission.BLUETOOTH;android.permission.BLUETOOTH_ADVERTISE;android.permission.BLUETOOTH_CONNECT;android.permission.BLUETOOTH_SCAN;android.permission.BROADCAST_STICKY;android.permission.CALL_PHONE;android.permission.CAMERA;android.permission.CHANGE_WIFI_STATE;android.permission.DETECT_SCREEN_CAPTURE;android.permission.DETECT_SCREEN_RECORDING;android.permission.DOWNLOAD_WITHOUT_NOTIFICATION;android.permission.FOREGROUND_SERVICE;android.permission.GET_ACCOUNTS;android.permission.GET_TASKS;android.permission.INTERNET;android.permission.MANAGE_ACCOUNTS;android.permission.MANAGE_EXTERNAL_STORAGE;android.permission.MODIFY_AUDIO_SETTINGS;android.permission.NFC;android.permission.POST_NOTIFICATIONS;android.permission.READ_CALENDAR;android.permission.READ_CONTACTS;android.permission.READ_EXTERNAL_STORAGE;android.permission.READ_MEDIA_AUDIO;android.permission.READ_MEDIA_IMAGES;android.permission.READ_MEDIA_VIDEO;android.permission.READ_PHONE_STATE;android.permission.READ_SYNC_SETTINGS;android.permission.RECEIVE_BOOT_COMPLETED;android.permission.RECORD_AUDIO;android.permission.REORDER_TASKS;android.permission.REQUEST_IGNORE_BATTERY_OPTIMIZATIONS;android.permission.REQUEST_INSTALL_PACKAGES;android.permission.SYSTEM_ALERT_WINDOW;android.permission.UPDATE_PACKAGES_WITHOUT_USER_ACTION;android.permission.USE_BIOMETRIC;android.permission.USE_FINGERPRINT;android.permission.VIBRATE;android.permission.WAKE_LOCK;android.permission.WRITE_CALENDAR;android.permission.WRITE_CONTACTS;android.permission.WRITE_EXTERNAL_STORAGE;android.permission.WRITE_SYNC_SETTINGS;com.android.launcher.permission.INSTALL_SHORTCUT;com.google.android.c2dm.permission.RECEIVE;com.google.android.finsky.permission.BIND_GET_INSTALL_REFERRER_SERVICE;com.google.android.providers.gsf.permission.READ_GSERVICES;com.samsung.android.providers.context.permission.WRITE_USE_APP_FEATURE_SURVEY;ru.rtlabs.mobile.ebs.gosuslugi.permission.VERIFICATION;ru.rtlabs.mobile.ebs.permission.VERIFICATION;ru.vtb24.mobilebanking.android.DYNAMIC_RECEIVER_NOT_EXPORTED_PERMISSION;ru.vtb24.mobilebanking.android.permission.INIT_EVENT;ru.vtb24.mobilebanking.android.permission.MESSAGING_EVENT;ru.vtb24.mobilebanking.android.permission.PROCESS_PUSH_MSG;ru.vtb24.mobilebanking.android.permission.PUSH_PROVIDER;ru.vtb24.mobilebanking.android.permission.WIDGET_REFRESH_EVENT
035B74D8B9E2838F2C12B8524E44FDB4161FCACE63902580F9538855B4136FAE,ru,ecom_1,ecom1,Ozon,ru.ozon.app.android,34,android.permission.ACCESS_COARSE_LOCATION;android.permission.ACCESS_FINE_LOCATION;android.permission.ACCESS_NETWORK_STATE;android.permission.ACCESS_WIFI_STATE;android.permission.BLUETOOTH;android.permission.CAMERA;android.permission.CHANGE_NETWORK_STATE;android.permission.CHANGE_WIFI_STATE;android.permission.DETECT_SCREEN_CAPTURE;android.permission.DETECT_SCREEN_RECORDING;android.permission.FOREGROUND_SERVICE;android.permission.INTERNET;android.permission.NFC;android.permission.POST_NOTIFICATIONS;android.permission.READ_BASIC_PHONE_STATE;android.permission.READ_CALL_LOG;android.permission.READ_CONTACTS;android.permission.READ_EXTERNAL_STORAGE;android.permission.READ_MEDIA_IMAGES;android.permission.READ_MEDIA_VIDEO;android.permission.READ_PHONE_STATE;android.permission.RECEIVE_BOOT_COMPLETED;android.permission.REQUEST_IGNORE_BATTERY_OPTIMIZATIONS;android.permission.USE_BIOMETRIC;android.permission.USE_FINGERPRINT;android.permission.VIBRATE;android.permission.WAKE_LOCK;android.permission.WRITE_EXTERNAL_STORAGE;com.google.android.c2dm.permission.RECEIVE;com.google.android.finsky.permission.BIND_GET_INSTALL_REFERRER_SERVICE;com.google.android.gms.permission.AD_ID;com.google.android.providers.gsf.permission.READ_GSERVICES;ru.ozon.app.android.DYNAMIC_RECEIVER_NOT_EXPORTED_PERMISSION;ru.ozon.fintech.permission.WRITE_PROVIDER_DATA
D8885060ADB877C9B12D331FE919192A45BC036AC163F2E794841FA590B2B588,ru,ecom_2,ecom2,Wildberries,com.wildberries.ru,53,android.permission.ACCESS_ADSERVICES_AD_ID;android.permission.ACCESS_ADSERVICES_ATTRIBUTION;android.permission.ACCESS_COARSE_LOCATION;android.permission.ACCESS_FINE_LOCATION;android.permission.ACCESS_NETWORK_STATE;android.permission.ACCESS_WIFI_STATE;android.permission.AUTHENTICATE_ACCOUNTS;android.permission.BLUETOOTH;android.permission.CAMERA;android.permission.CHANGE_NETWORK_STATE;android.permission.CHANGE_WIFI_STATE;android.permission.DETECT_SCREEN_CAPTURE;android.permission.DOWNLOAD_WITHOUT_NOTIFICATION;android.permission.FOREGROUND_SERVICE;android.permission.GET_ACCOUNTS;android.permission.INTERNET;android.permission.MANAGE_ACCOUNTS;android.permission.NFC;android.permission.POST_NOTIFICATIONS;android.permission.READ_APP_BADGE;android.permission.READ_CONTACTS;android.permission.READ_EXTERNAL_STORAGE;android.permission.READ_MEDIA_IMAGES;android.permission.READ_MEDIA_VIDEO;android.permission.RECEIVE_BOOT_COMPLETED;android.permission.USE_BIOMETRIC;android.permission.USE_CREDENTIALS;android.permission.USE_FINGERPRINT;android.permission.VIBRATE;android.permission.WAKE_LOCK;android.permission.WRITE_EXTERNAL_STORAGE;com.anddoes.launcher.permission.UPDATE_COUNT;com.google.android.c2dm.permission.RECEIVE;com.google.android.finsky.permission.BIND_GET_INSTALL_REFERRER_SERVICE;com.google.android.gms.permission.AD_ID;com.google.android.providers.gsf.permission.READ_GSERVICES;com.htc.launcher.permission.READ_SETTINGS;com.htc.launcher.permission.UPDATE_SHORTCUT;com.huawei.android.launcher.permission.CHANGE_BADGE;com.huawei.android.launcher.permission.READ_SETTINGS;com.huawei.android.launcher.permission.WRITE_SETTINGS;com.huawei.appmarket.service.commondata.permission.GET_COMMON_DATA;com.majeur.launcher.permission.UPDATE_BADGE;com.oppo.launcher.permission.READ_SETTINGS;com.oppo.launcher.permission.WRITE_SETTINGS;com.samsung.android.mapsagent.permission.READ_APP_INFO;com.sec.android.provider.badge.permission.READ;com.sec.android.provider.badge.permission.WRITE;com.sonyericsson.home.permission.BROADCAST_BADGE;com.sonymobile.home.permission.PROVIDER_INSERT_BADGE;com.wildberries.ru.DYNAMIC_RECEIVER_NOT_EXPORTED_PERMISSION;me.everything.badger.permission.BADGE_COUNT_READ;me.everything.badger.permission.BADGE_COUNT_WRITE
9A07C0BBA5BC8E5A59230DA0853616327528FB7ED4FB29FFD814F9600231A98E,ru,ecom_3,ecom3,Yandex Market,ru.beru.android,38,android.permission.ACCESS_COARSE_LOCATION;android.permission.ACCESS_FINE_LOCATION;android.permission.ACCESS_NETWORK_STATE;android.permission.ACCESS_WIFI_STATE;android.permission.AUTHENTICATE_ACCOUNTS;android.permission.BLUETOOTH_ADMIN;android.permission.BLUETOOTH_CONNECT;android.permission.BLUETOOTH_SCAN;android.permission.CAMERA;android.permission.CHANGE_WIFI_STATE;android.permission.DETECT_SCREEN_CAPTURE;android.permission.FLASHLIGHT;android.permission.FOREGROUND_SERVICE;android.permission.GET_ACCOUNTS;android.permission.INTERNET;android.permission.MANAGE_ACCOUNTS;android.permission.MODIFY_AUDIO_SETTINGS;android.permission.NFC;android.permission.POST_NOTIFICATIONS;android.permission.READ_CONTACTS;android.permission.READ_EXTERNAL_STORAGE;android.permission.READ_MEDIA_VISUAL_USER_SELECTED;android.permission.RECEIVE_BOOT_COMPLETED;android.permission.RECORD_AUDIO;android.permission.USE_BIOMETRIC;android.permission.USE_CREDENTIALS;android.permission.USE_FINGERPRINT;android.permission.VIBRATE;android.permission.WAKE_LOCK;android.permission.WRITE_EXTERNAL_STORAGE;com.adjust.preinstall.READ_PERMISSION;com.android.vending.BILLING;com.google.android.c2dm.permission.RECEIVE;com.google.android.finsky.permission.BIND_GET_INSTALL_REFERRER_SERVICE;com.google.android.gms.permission.AD_ID;com.yandex.permission.AM_COMMUNICATION;com.yandex.permission.READ_CREDENTIALS;ru.beru.android.DYNAMIC_RECEIVER_NOT_EXPORTED_PERMISSION
6C4FCC752216A0ED5BE67C058A9ED6CAF1C8CFA70032C107EE23A3E8EF63CE44,ru,ecom_4,ecom4,Avito,com.avito.android,55,android.permission.ACCESS_ADSERVICES_AD_ID;android.permission.ACCESS_ADSERVICES_ATTRIBUTION;android.permission.ACCESS_COARSE_LOCATION;android.permission.ACCESS_FINE_LOCATION;android.permission.ACCESS_MEDIA_LOCATION;android.permission.ACCESS_NETWORK_STATE;android.permission.ACCESS_WIFI_STATE;android.permission.AUTHENTICATE_ACCOUNTS;android.permission.BLUETOOTH;android.permission.BLUETOOTH_CONNECT;android.permission.CALL_PHONE;android.permission.CAMERA;android.permission.ENFORCE_UPDATE_OWNERSHIP;android.permission.FOREGROUND_SERVICE;android.permission.FOREGROUND_SERVICE_CAMERA;android.permission.FOREGROUND_SERVICE_DATA_SYNC;android.permission.FOREGROUND_SERVICE_MICROPHONE;android.permission.FOREGROUND_SERVICE_PHONE_CALL;android.permission.FOREGROUND_SERVICE_SPECIAL_USE;android.permission.GET_ACCOUNTS;android.permission.INTERNET;android.permission.MANAGE_ACCOUNTS;android.permission.MANAGE_OWN_CALLS;android.permission.MODIFY_AUDIO_SETTINGS;android.permission.NFC;android.permission.POST_NOTIFICATIONS;android.permission.READ_CONTACTS;android.permission.READ_EXTERNAL_STORAGE;android.permission.READ_MEDIA_IMAGES;android.permission.READ_MEDIA_VIDEO;android.permission.READ_MEDIA_VISUAL_USER_SELECTED;android.permission.READ_PHONE_STATE;android.permission.RECEIVE_BOOT_COMPLETED;android.permission.RECORD_AUDIO;android.permission.REQUEST_IGNORE_BATTERY_OPTIMIZATIONS;android.permission.REQUEST_INSTALL_PACKAGES;android.permission.SYSTEM_ALERT_WINDOW;android.permission.UPDATE_PACKAGES_WITHOUT_USER_ACTION;android.permission.USE_BIOMETRIC;android.permission.USE_CREDENTIALS;android.permission.USE_FINGERPRINT;android.permission.USE_FULL_SCREEN_INTENT;android.permission.VIBRATE;android.permission.WAKE_LOCK;android.permission.WRITE_CONTACTS;android.permission.WRITE_EXTERNAL_STORAGE;android.permission.WRITE_SETTINGS;com.avito.android.DYNAMIC_RECEIVER_NOT_EXPORTED_PERMISSION;com.avito.android.permission.PROCESS_PUSH_MSG;com.avito.android.permission.PUSH_PROVIDER;com.google.android.c2dm.permission.RECEIVE;com.google.android.finsky.permission.BIND_GET_INSTALL_REFERRER_SERVICE;com.google.android.gms.permission.AD_ID;com.huawei.appmarket.service.commondata.permission.GET_COMMON_DATA;ru.sberbank.mobile.sberid.BIND_PERSONALIZATION_SERVICE
D268B65EF6833D29DDAE019FE2A73C0F13C781F9465A1A72C5C9BB629EAC7FAA,ru,gov_eid,gov3,Gosuslugi Biometria,ru.rtlabs.mobile.ebs.gosuslugi.android,18,android.permission.ACCESS_NETWORK_STATE;android.permission.ACCESS_WIFI_STATE;android.permission.CAMERA;android.permission.INTERNET;android.permission.NFC;android.permission.POST_NOTIFICATIONS;android.permission.READ_EXTERNAL_STORAGE;android.permission.READ_PHONE_STATE;android.permission.RECEIVE_BOOT_COMPLETED;android.permission.RECORD_AUDIO;android.permission.REQUEST_DELETE_PACKAGES;android.permission.USE_BIOMETRIC;android.permission.VIBRATE;android.permission.WAKE_LOCK;android.permission.WRITE_EXTERNAL_STORAGE;com.google.android.c2dm.permission.RECEIVE;com.google.android.finsky.permission.BIND_GET_INSTALL_REFERRER_SERVICE;ru.rtlabs.mobile.ebs.gosuslugi.android.DYNAMIC_RECEIVER_NOT_EXPORTED_PERMISSION
E80E01FAC8C0DBFF5281E293C218550283DAD17A2B6A72A4F4CE00482212746B,ru,gov_portal,gov1,Gosuslugi,ru.rostel,35,android.permission.ACCESS_ADSERVICES_AD_ID;android.permission.ACCESS_ADSERVICES_ATTRIBUTION;android.permission.ACCESS_COARSE_LOCATION;android.permission.ACCESS_FINE_LOCATION;android.permission.ACCESS_NETWORK_STATE;android.permission.ACCESS_WIFI_STATE;android.permission.CALL_PHONE;android.permission.CAMERA;android.permission.CHANGE_NETWORK_STATE;android.permission.CHANGE_WIFI_STATE;android.permission.DETECT_SCREEN_CAPTURE;android.permission.FOREGROUND_SERVICE;android.permission.INTERNET;android.permission.MODIFY_AUDIO_SETTINGS;android.permission.NFC;android.permission.POST_NOTIFICATIONS;android.permission.READ_BASIC_PHONE_STATE;android.permission.READ_EXTERNAL_STORAGE;android.permission.READ_MEDIA_IMAGES;android.permission.READ_MEDIA_VISUAL_USER_SELECTED;android.permission.RECEIVE_BOOT_COMPLETED;android.permission.RECORD_AUDIO;android.permission.REORDER_TASKS;android.permission.SCHEDULE_EXACT_ALARM;android.permission.USE_BIOMETRIC;android.permission.USE_FINGERPRINT;android.permission.VIBRATE;android.permission.WAKE_LOCK;android.permission.WRITE_EXTERNAL_STORAGE;com.fingerprints.service.ACCESS_FINGERPRINT_MANAGER;com.google.android.c2dm.permission.RECEIVE;com.google.android.finsky.permission.BIND_GET_INSTALL_REFERRER_SERVICE;com.google.android.gms.permission.AD_ID;com.samsung.android.providers.context.permission.WRITE_USE_APP_FEATURE_SURVEY;ru.rostel.DYNAMIC_RECEIVER_NOT_EXPORTED_PERMISSION
69246362D31AADEB38D0EA1DD697A2D2AE02AC17503322CE9E1A99898C048A0B,ru,gov_tax,gov2,Nalogi FL,ru.fns.lkfl,29,android.permission.ACCESS_FINE_LOCATION;android.permission.ACCESS_NETWORK_STATE;android.permission.ACCESS_NOTIFICATION_POLICY;android.permission.ACCESS_WIFI_STATE;android.permission.BROADCAST_CLOSE_SYSTEM_DIALOGS;android.permission.CAMERA;android.permission.DOWNLOAD_WITHOUT_NOTIFICATION;android.permission.FOREGROUND_SERVICE;android.permission.INTERNET;android.permission.POST_NOTIFICATIONS;android.permission.READ_CALENDAR;android.permission.READ_EXTERNAL_STORAGE;android.permission.READ_MEDIA_IMAGES;android.permission.RECEIVE_BOOT_COMPLETED;android.permission.SCHEDULE_EXACT_ALARM;android.permission.USE_BIOMETRIC;android.permission.USE_FINGERPRINT;android.permission.VIBRATE;android.permission.WAKE_LOCK;android.permission.WRITE_CALENDAR;android.permission.WRITE_EXTERNAL_STORAGE;com.android.launcher.permission.INSTALL_SHORTCUT;com.android.launcher.permission.UNINSTALL_SHORTCUT;com.fingerprints.service.ACCESS_FINGERPRINT_MANAGER;com.google.android.c2dm.permission.RECEIVE;com.google.android.finsky.permission.BIND_GET_INSTALL_REFERRER_SERVICE;com.samsung.android.providers.context.permission.WRITE_USE_APP_FEATURE_SURVEY;ru.fns.lkfl.DYNAMIC_RECEIVER_NOT_EXPORTED_PERMISSION;ru.fns.lkfl.permission.C2D_MESSAGE
73463E0B60F35128EE5868577CD003AB5295EDFBB0702A8EB1E494D1CE11663C,ru,health,health,EMIAS.INFO,com.programmisty.emiasapp,40,android.permission.ACCESS_ADSERVICES_AD_ID;android.permission.ACCESS_ADSERVICES_ATTRIBUTION;android.permission.ACCESS_COARSE_LOCATION;android.permission.ACCESS_FINE_LOCATION;android.permission.ACCESS_NETWORK_STATE;android.permission.ACCESS_WIFI_STATE;android.permission.BLUETOOTH;android.permission.CAMERA;android.permission.CHANGE_WIFI_STATE;android.permission.FOREGROUND_SERVICE;android.permission.FOREGROUND_SERVICE_MEDIA_PLAYBACK;android.permission.FOREGROUND_SERVICE_MICROPHONE;android.permission.INTERNET;android.permission.MANAGE_OWN_CALLS;android.permission.MODIFY_AUDIO_SETTINGS;android.permission.POST_NOTIFICATIONS;android.permission.READ_CALENDAR;android.permission.READ_CONTACTS;android.permission.READ_EXTERNAL_STORAGE;android.permission.READ_MEDIA_AUDIO;android.permission.RECEIVE_BOOT_COMPLETED;android.permission.RECORD_AUDIO;android.permission.SCHEDULE_EXACT_ALARM;android.permission.USE_BIOMETRIC;android.permission.USE_FINGERPRINT;android.permission.WAKE_LOCK;android.permission.WRITE_CALENDAR;android.permission.WRITE_EXTERNAL_STORAGE;android.permission.health.READ_BLOOD_GLUCOSE;android.permission.health.READ_BLOOD_PRESSURE;android.permission.health.READ_BODY_TEMPERATURE;android.permission.health.READ_HEART_RATE;android.permission.health.READ_OXYGEN_SATURATION;android.permission.health.READ_WEIGHT;com.google.android.c2dm.permission.RECEIVE;com.google.android.finsky.permission.BIND_GET_INSTALL_REFERRER_SERVICE;com.google.android.gms.permission.AD_ID;com.programmisty.emiasapp.DYNAMIC_RECEIVER_NOT_EXPORTED_PERMISSION;com.programmisty.emiasapp.permission.PROCESS_PUSH_MSG;com.programmisty.emiasapp.permission.PUSH_PROVIDER
0EE9AEE643DEE087F7221212C0BF87B23DD451CDA7589AB3D04339E6E7668745,ru,msg_1,msg1,MAX,ru.oneme.app,51,android.permission.ACCESS_COARSE_LOCATION;android.permission.ACCESS_FINE_LOCATION;android.permission.ACCESS_NETWORK_STATE;android.permission.ACCESS_WIFI_STATE;android.permission.BLUETOOTH;android.permission.BLUETOOTH_CONNECT;android.permission.CAMERA;android.permission.CHANGE_NETWORK_STATE;android.permission.FOREGROUND_SERVICE;android.permission.FOREGROUND_SERVICE_CAMERA;android.permission.FOREGROUND_SERVICE_DATA_SYNC;android.permission.FOREGROUND_SERVICE_MEDIA_PLAYBACK;android.permission.FOREGROUND_SERVICE_MEDIA_PROJECTION;android.permission.FOREGROUND_SERVICE_MICROPHONE;android.permission.INTERNET;android.permission.MODIFY_AUDIO_SETTINGS;android.permission.POST_NOTIFICATIONS;android.permission.READ_APP_BADGE;android.permission.READ_CONTACTS;android.permission.READ_EXTERNAL_STORAGE;android.permission.READ_MEDIA_IMAGES;android.permission.READ_MEDIA_VIDEO;android.permission.READ_MEDIA_VISUAL_USER_SELECTED;android.permission.RECEIVE_BOOT_COMPLETED;android.permission.RECORD_AUDIO;android.permission.REQUEST_INSTALL_PACKAGES;android.permission.SYSTEM_ALERT_WINDOW;android.permission.USE_BIOMETRIC;android.permission.USE_FINGERPRINT;android.permission.USE_FULL_SCREEN_INTENT;android.permission.VIBRATE;android.permission.WAKE_LOCK;android.permission.WRITE_CONTACTS;android.permission.WRITE_EXTERNAL_STORAGE;com.anddoes.launcher.permission.UPDATE_COUNT;com.google.android.gms.permission.AD_ID;com.htc.launcher.permission.READ_SETTINGS;com.htc.launcher.permission.UPDATE_SHORTCUT;com.huawei.android.launcher.permission.CHANGE_BADGE;com.huawei.android.launcher.permission.READ_SETTINGS;com.huawei.android.launcher.permission.WRITE_SETTINGS;com.majeur.launcher.permission.UPDATE_BADGE;com.oppo.launcher.permission.READ_SETTINGS;com.oppo.launcher.permission.WRITE_SETTINGS;com.sec.android.provider.badge.permission.READ;com.sec.android.provider.badge.permission.WRITE;com.sonyericsson.home.permission.BROADCAST_BADGE;com.sonymobile.home.permission.PROVIDER_INSERT_BADGE;me.everything.badger.permission.BADGE_COUNT_READ;me.everything.badger.permission.BADGE_COUNT_WRITE;ru.oneme.app.DYNAMIC_RECEIVER_NOT_EXPORTED_PERMISSION
67EB78A11CBF51691544A32384E09E568486B214AFEBEC847A235EA0CD83074E,ru,msg_2,msg2,Yandex Telemost,ru.yandex.telemost,29,android.permission.ACCESS_NETWORK_STATE;android.permission.ACCESS_WIFI_STATE;android.permission.AUTHENTICATE_ACCOUNTS;android.permission.BLUETOOTH;android.permission.BLUETOOTH_CONNECT;android.permission.CAMERA;android.permission.FLASHLIGHT;android.permission.FOREGROUND_SERVICE;android.permission.GET_ACCOUNTS;android.permission.INTERNET;android.permission.MANAGE_ACCOUNTS;android.permission.MODIFY_AUDIO_SETTINGS;android.permission.POST_NOTIFICATIONS;android.permission.READ_EXTERNAL_STORAGE;android.permission.READ_MEDIA_IMAGES;android.permission.READ_MEDIA_VIDEO;android.permission.READ_MEDIA_VISUAL_USER_SELECTED;android.permission.READ_PHONE_STATE;android.permission.RECEIVE_BOOT_COMPLETED;android.permission.RECORD_AUDIO;android.permission.SCHEDULE_EXACT_ALARM;android.permission.USE_CREDENTIALS;android.permission.WAKE_LOCK;android.permission.WRITE_EXTERNAL_STORAGE;com.google.android.finsky.permission.BIND_GET_INSTALL_REFERRER_SERVICE;com.google.android.gms.permission.AD_ID;com.yandex.permission.AM_COMMUNICATION;com.yandex.permission.READ_CREDENTIALS;ru.yandex.telemost.DYNAMIC_RECEIVER_NOT_EXPORTED_PERMISSION
9ABDD8774B2E0C00698B07B7B8094D887FB655AAA121D7E9A6971D026574DB9D,ru,social_1,social1,VK,com.vkontakte.android,97,android.gms.permission.ACTIVITY_RECOGNITION;android.permission.ACCESS_COARSE_LOCATION;android.permission.ACCESS_FINE_LOCATION;android.permission.ACCESS_MEDIA_LOCATION;android.permission.ACCESS_NETWORK_STATE;android.permission.ACCESS_WIFI_STATE;android.permission.ACTIVITY_RECOGNITION;android.permission.AUTHENTICATE_ACCOUNTS;android.permission.BLUETOOTH;android.permission.CALL_PHONE;android.permission.CAMERA;android.permission.CHANGE_NETWORK_STATE;android.permission.CHANGE_WIFI_STATE;android.permission.DETECT_SCREEN_CAPTURE;android.permission.FOREGROUND_SERVICE;android.permission.FOREGROUND_SERVICE_DATA_SYNC;android.permission.FOREGROUND_SERVICE_MEDIA_PLAYBACK;android.permission.FOREGROUND_SERVICE_MEDIA_PROJECTION;android.permission.FOREGROUND_SERVICE_MICROPHONE;android.permission.GET_ACCOUNTS;android.permission.INTERNET;android.permission.MODIFY_AUDIO_SETTINGS;android.permission.POST_NOTIFICATIONS;android.permission.QUICKBOOT_POWERON;android.permission.READ_APP_BADGE;android.permission.READ_CALENDAR;android.permission.READ_CALL_LOG;android.permission.READ_CONTACTS;android.permission.READ_EXTERNAL_STORAGE;android.permission.READ_MEDIA_IMAGES;android.permission.READ_MEDIA_VIDEO;android.permission.READ_MEDIA_VISUAL_USER_SELECTED;android.permission.READ_PHONE_NUMBERS;android.permission.READ_PHONE_STATE;android.permission.READ_SYNC_SETTINGS;android.permission.RECEIVE_BOOT_COMPLETED;android.permission.RECORD_AUDIO;android.permission.SYSTEM_ALERT_WINDOW;android.permission.USE_BIOMETRIC;android.permission.USE_FINGERPRINT;android.permission.USE_FULL_SCREEN_INTENT;android.permission.VIBRATE;android.permission.WAKE_LOCK;android.permission.WRITE_CALENDAR;android.permission.WRITE_CONTACTS;android.permission.WRITE_EXTERNAL_STORAGE;android.permission.WRITE_SYNC_SETTINGS;android.permission.health.READ_DISTANCE;android.permission.health.READ_EXERCISE;android.permission.health.READ_STEPS;android.permission.health.READ_TOTAL_CALORIES_BURNED;android.provider.Telephony.SMS_RECEIVED;com.anddoes.launcher.permission.UPDATE_COUNT;com.android.launcher.permission.INSTALL_SHORTCUT;com.android.vending.BILLING;com.google.android.c2dm.permission.RECEIVE;com.google.android.finsky.permission.BIND_GET_INSTALL_REFERRER_SERVICE;com.google.android.gms.permission.AD_ID;com.google.android.providers.gsf.permission.READ_GSERVICES;com.htc.launcher.permission.READ_SETTINGS;com.htc.launcher.permission.UPDATE_SHORTCUT;com.huawei.android.launcher.permission.CHANGE_BADGE;com.huawei.android.launcher.permission.READ_SETTINGS;com.huawei.android.launcher.permission.WRITE_SETTINGS;com.huawei.permission.SECURITY_DIAGNOSE;com.majeur.launcher.permission.UPDATE_BADGE;com.oppo.launcher.permission.READ_SETTINGS;com.oppo.launcher.permission.WRITE_SETTINGS;com.sec.android.provider.badge.permission.READ;com.sec.android.provider.badge.permission.WRITE;com.sonyericsson.home.permission.BROADCAST_BADGE;com.sonymobile.home.permission.PROVIDER_INSERT_BADGE;com.uma.musicvk.usersstore.permission.LOAD;com.uma.musicvk.usersstore.permission.SAVE;com.vk.blockstore.permission.DELETE;com.vk.calls.usersstore.permission.LOAD;com.vk.calls.usersstore.permission.SAVE;com.vk.clips.usersstore.permission.LOAD;com.vk.clips.usersstore.permission.SAVE;com.vk.im.usersstore.permission.LOAD;com.vk.im.usersstore.permission.SAVE;com.vk.love.usersstore.permission.LOAD;com.vk.love.usersstore.permission.SAVE;com.vk.vkvideo.usersstore.permission.LOAD;com.vk.vkvideo.usersstore.permission.SAVE;com.vkontakte.android.DYNAMIC_RECEIVER_NOT_EXPORTED_PERMISSION;com.vkontakte.android.permission.ACCESS_DATA;com.vkontakte.android.permission.APP_REDIRECT;com.vkontakte.android.permission.MAPS_RECEIVE;live.vkplay.app.usersstore.permission.LOAD;live.vkplay.app.usersstore.permission.SAVE;me.everything.badger.permission.BADGE_COUNT_READ;me.everything.badger.permission.BADGE_COUNT_WRITE;ru.mail.mailapp.usersstore.permission.LOAD;ru.mail.mailapp.usersstore.permission.SAVE;ru.vk.store.usersstore.permission.LOAD;ru.vk.store.usersstore.permission.SAVE
79346FD056ECA0CD976AD61F4C39BDC60942BBBE88DB90F5BD502039328E6691,ru,social_2,social2,OK,ru.ok.android,91,android.gms.permission.ACTIVITY_RECOGNITION;android.permission.ACCESS_ADSERVICES_AD_ID;android.permission.ACCESS_ADSERVICES_ATTRIBUTION;android.permission.ACCESS_ADSERVICES_TOPICS;android.permission.ACCESS_COARSE_LOCATION;android.permission.ACCESS_FINE_LOCATION;android.permission.ACCESS_GPS;android.permission.ACCESS_LOCATION;android.permission.ACCESS_MEDIA_LOCATION;android.permission.ACCESS_NETWORK_STATE;android.permission.ACCESS_WIFI_STATE;android.permission.ACTIVITY_RECOGNITION;android.permission.AUTHENTICATE_ACCOUNTS;android.permission.BLUETOOTH;android.permission.BLUETOOTH_CONNECT;android.permission.CALL_PHONE;android.permission.CAMERA;android.permission.CHANGE_NETWORK_STATE;android.permission.CHANGE_WIFI_MULTICAST_STATE;android.permission.CHANGE_WIFI_STATE;android.permission.DETECT_SCREEN_CAPTURE;android.permission.DISABLE_KEYGUARD;android.permission.DOWNLOAD_WITHOUT_NOTIFICATION;android.permission.FLASHLIGHT;android.permission.FOREGROUND_SERVICE;android.permission.FOREGROUND_SERVICE_DATA_SYNC;android.permission.FOREGROUND_SERVICE_MEDIA_PLAYBACK;android.permission.FOREGROUND_SERVICE_MEDIA_PROJECTION;android.permission.FOREGROUND_SERVICE_TYPE_DATA_SYNC;android.permission.GET_ACCOUNTS;android.permission.GET_TASKS;android.permission.INTERNET;android.permission.MANAGE_ACCOUNTS;android.permission.MODIFY_AUDIO_SETTINGS;android.permission.POST_NOTIFICATIONS;android.permission.READ_APP_BADGE;android.permission.READ_CALENDAR;android.permission.READ_CALL_LOG;android.permission.READ_CONTACTS;android.permission.READ_EXTERNAL_STORAGE;android.permission.READ_MEDIA_AUDIO;android.permission.READ_MEDIA_IMAGES;android.permission.READ_MEDIA_VIDEO;android.permission.READ_PHONE_NUMBERS;android.permission.READ_PHONE_STATE;android.permission.READ_PROFILE;android.permission.READ_SYNC_SETTINGS;android.permission.RECEIVE_BOOT_COMPLETED;android.permission.RECORD_AUDIO;android.permission.REQUEST_IGNORE_BATTERY_OPTIMIZATIONS;android.permission.RUN_USER_INITIATED_JOBS;android.permission.SYSTEM_ALERT_WINDOW;android.permission.USE_BIOMETRIC;android.permission.USE_CREDENTIALS;android.permission.USE_FINGERPRINT;android.permission.USE_FULL_SCREEN_INTENT;android.permission.VIBRATE;android.permission.WAKE_LOCK;android.permission.WRITE_CALENDAR;android.permission.WRITE_CONTACTS;android.permission.WRITE_EXTERNAL_STORAGE;android.permission.WRITE_PROFILE;android.permission.WRITE_SETTINGS;android.permission.WRITE_SYNC_SETTINGS;android.permission.health.READ_DISTANCE;android.permission.health.READ_STEPS;android.provider.Telephony.SMS_RECEIVED;com.anddoes.launcher.permission.UPDATE_COUNT;com.android.launcher.permission.INSTALL_SHORTCUT;com.android.vending.BILLING;com.applovin.array.apphub.permission.BIND_APPHUB_SERVICE;com.google.android.c2dm.permission.RECEIVE;com.google.android.c2dm.permission.SEND;com.google.android.finsky.permission.BIND_GET_INSTALL_REFERRER_SERVICE;com.google.android.gms.permission.AD_ID;com.google.android.providers.gsf.permission.READ_GSERVICES;com.htc.launcher.permission.READ_SETTINGS;com.htc.launcher.permission.UPDATE_SHORTCUT;com.huawei.android.launcher.permission.CHANGE_BADGE;com.huawei.android.launcher.permission.READ_SETTINGS;com.huawei.android.launcher.permission.WRITE_SETTINGS;com.majeur.launcher.permission.UPDATE_BADGE;com.oppo.launcher.permission.READ_SETTINGS;com.oppo.launcher.permission.WRITE_SETTINGS;com.sec.android.provider.badge.permission.READ;com.sec.android.provider.badge.permission.WRITE;com.sonyericsson.home.permission.BROADCAST_BADGE;com.sonymobile.home.permission.PROVIDER_INSERT_BADGE;me.everything.badger.permission.BADGE_COUNT_READ;me.everything.badger.permission.BADGE_COUNT_WRITE;ru.ok.android.DYNAMIC_RECEIVER_NOT_EXPORTED_PERMISSION
899FEA0EBC3F624C8BE992EA5FE1B9DD412DDF8E831F31E94151A59EBA734384,ru,transport_maps,maps,Yandex Maps,ru.yandex.yandexmaps,60,android.permission.ACCESS_ADSERVICES_AD_ID;android.permission.ACCESS_ADSERVICES_ATTRIBUTION;android.permission.ACCESS_ADSERVICES_TOPICS;android.permission.ACCESS_BACKGROUND_LOCATION;android.permission.ACCESS_COARSE_LOCATION;android.permission.ACCESS_FINE_LOCATION;android.permission.ACCESS_MEDIA_LOCATION;android.permission.ACCESS_NETWORK_STATE;android.permission.ACCESS_WIFI_STATE;android.permission.ACTIVITY_RECOGNITION;android.permission.AUTHENTICATE_ACCOUNTS;android.permission.BLUETOOTH;android.permission.BLUETOOTH_ADMIN;android.permission.BLUETOOTH_ADVERTISE;android.permission.BLUETOOTH_CONNECT;android.permission.BLUETOOTH_SCAN;android.permission.CAMERA;android.permission.CHANGE_WIFI_STATE;android.permission.DETECT_SCREEN_CAPTURE;android.permission.FOREGROUND_SERVICE;android.permission.FOREGROUND_SERVICE_CAMERA;android.permission.FOREGROUND_SERVICE_DATA_SYNC;android.permission.FOREGROUND_SERVICE_LOCATION;android.permission.FOREGROUND_SERVICE_MEDIA_PLAYBACK;android.permission.GET_ACCOUNTS;android.permission.INTERNET;android.permission.MANAGE_ACCOUNTS;android.permission.NFC;android.permission.POST_NOTIFICATIONS;android.permission.READ_CONTACTS;android.permission.READ_EXTERNAL_STORAGE;android.permission.READ_MEDIA_IMAGES;android.permission.READ_MEDIA_VIDEO;android.permission.READ_MEDIA_VISUAL_USER_SELECTED;android.permission.RECEIVE_BOOT_COMPLETED;android.permission.RECORD_AUDIO;android.permission.SCHEDULE_EXACT_ALARM;android.permission.USE_BIOMETRIC;android.permission.USE_CREDENTIALS;android.permission.USE_FINGERPRINT;android.permission.VIBRATE;android.permission.WAKE_LOCK;android.permission.WRITE_EXTERNAL_STORAGE;android.permission.WRITE_SETTINGS;androidx.car.app.ACCESS_SURFACE;androidx.car.app.NAVIGATION_TEMPLATES;com.android.launcher.permission.INSTALL_SHORTCUT;com.android.vending.BILLING;com.google.android.c2dm.permission.RECEIVE;com.google.android.finsky.permission.BIND_GET_INSTALL_REFERRER_SERVICE;com.google.android.gms.permission.ACTIVITY_RECOGNITION;com.google.android.gms.permission.AD_ID;com.google.android.gms.permission.CAR_SPEED;com.google.android.gms.permission.CAR_VENDOR_EXTENSION;com.huawei.appmarket.service.commondata.permission.GET_COMMON_DATA;com.samsung.android.mapsagent.permission.READ_APP_INFO;com.yandex.alice.icon.permission.READ_STATE;com.yandex.permission.AM_COMMUNICATION;com.yandex.permission.READ_CREDENTIALS;ru.yandex.yandexmaps.DYNAMIC_RECEIVER_NOT_EXPORTED_PERMISSION
F82235296527716D0EFC61D2B5395DE977274E9D91252EBCB932A66276344383,ru,transport_rail,rail1,RZD,ru.rzd.pass,62,android.permission.ACCESS_ADSERVICES_AD_ID;android.permission.ACCESS_ADSERVICES_ATTRIBUTION;android.permission.ACCESS_BACKGROUND_LOCATION;android.permission.ACCESS_COARSE_LOCATION;android.permission.ACCESS_FINE_LOCATION;android.permission.ACCESS_NETWORK_STATE;android.permission.ACCESS_WIFI_STATE;android.permission.BLUETOOTH;android.permission.BLUETOOTH_ADMIN;android.permission.BLUETOOTH_ADVERTISE;android.permission.BLUETOOTH_CONNECT;android.permission.BLUETOOTH_SCAN;android.permission.C2D_MESSAGE;android.permission.CAMERA;android.permission.CHANGE_WIFI_STATE;android.permission.DETECT_SCREEN_CAPTURE;android.permission.DOWNLOAD_WITHOUT_NOTIFICATION;android.permission.FOREGROUND_SERVICE;android.permission.FOREGROUND_SERVICE_DATA_SYNC;android.permission.FOREGROUND_SERVICE_LOCATION;android.permission.HIGH_SAMPLING_RATE_SENSORS;android.permission.INTERNET;android.permission.MI;android.permission.MODIFY_AUDIO_SETTINGS;android.permission.NEARBY_WIFI_DEVICES;android.permission.NFC;android.permission.POST_NOTIFICATIONS;android.permission.READ_APP_BADGE;android.permission.READ_CALENDAR;android.permission.READ_EXTERNAL_STORAGE;android.permission.READ_INTERNAL_STORAGE;android.permission.READ_PHONE_STATE;android.permission.RECEIVE_ADM_MESSAGE;android.permission.RECEIVE_BOOT_COMPLETED;android.permission.RECORD_AUDIO;android.permission.SYSTEM_ALERT_WINDOW;android.permission.USE_BIOMETRIC;android.permission.USE_FINGERPRINT;android.permission.VIBRATE;android.permission.WAKE_LOCK;android.permission.WRITE_CALENDAR;android.permission.WRITE_EXTERNAL_STORAGE;com.anddoes.launcher.permission.UPDATE_COUNT;com.android.alarm.permission.SET_ALARM;com.google.android.c2dm.permission.RECEIVE;com.google.android.finsky.permission.BIND_GET_INSTALL_REFERRER_SERVICE;com.google.android.providers.gsf.permission.READ_GSERVICES;com.htc.launcher.permission.READ_SETTINGS;com.htc.launcher.permission.UPDATE_SHORTCUT;com.huawei.android.launcher.permission.CHANGE_BADGE;com.huawei.android.launcher.permission.READ_SETTINGS;com.huawei.android.launcher.permission.WRITE_SETTINGS;com.majeur.launcher.permission.UPDATE_BADGE;com.oppo.launcher.permission.READ_SETTINGS;com.oppo.launcher.permission.WRITE_SETTINGS;com.sec.android.provider.badge.permission.READ;com.sec.android.provider.badge.permission.WRITE;com.sonyericsson.home.permission.BROADCAST_BADGE;com.sonymobile.home.permission.PROVIDER_INSERT_BADGE;me.everything.badger.permission.BADGE_COUNT_READ;me.everything.badger.permission.BADGE_COUNT_WRITE;ru.rzd.pass.DYNAMIC_RECEIVER_NOT_EXPORTED_PERMISSION
63659958182C27087D39B5D821C15FEFD311FE2A458CA5CB9BDF9F893B76022A,ru,transport_rail,rail2,Yandex Trains,ru.yandex.rasp,29,android.permission.ACCESS_COARSE_LOCATION;android.permission.ACCESS_FINE_LOCATION;android.permission.ACCESS_NETWORK_STATE;android.permission.ACCESS_WIFI_STATE;android.permission.AUTHENTICATE_ACCOUNTS;android.permission.CAMERA;android.permission.CHANGE_WIFI_STATE;android.permission.DISABLE_KEYGUARD;android.permission.FOREGROUND_SERVICE;android.permission.FOREGROUND_SERVICE_DATA_SYNC;android.permission.GET_ACCOUNTS;android.permission.INTERNET;android.permission.MANAGE_ACCOUNTS;android.permission.NFC;android.permission.POST_NOTIFICATIONS;android.permission.QUICKBOOT_POWERON;android.permission.RECEIVE_BOOT_COMPLETED;android.permission.SCHEDULE_EXACT_ALARM;android.permission.USE_CREDENTIALS;android.permission.USE_FULL_SCREEN_INTENT;android.permission.VIBRATE;android.permission.WAKE_LOCK;android.permission.WRITE_EXTERNAL_STORAGE;com.google.android.c2dm.permission.RECEIVE;com.google.android.finsky.permission.BIND_GET_INSTALL_REFERRER_SERVICE;com.google.android.gms.permission.AD_ID;com.yandex.permission.AM_COMMUNICATION;com.yandex.permission.READ_CREDENTIALS;ru.yandex.rasp.DYNAMIC_RECEIVER_NOT_EXPORTED_PERMISSION
8287C5937FC7DA4A35602D3AABA2ECD2045389DE0CBC84899326C55326832958,ru,transport_taxi,taxi,Yandex Go Taxi,ru.yandex.taxi,64,android.permission.ACCESS_ADSERVICES_AD_ID;android.permission.ACCESS_ADSERVICES_ATTRIBUTION;android.permission.ACCESS_COARSE_LOCATION;android.permission.ACCESS_FINE_LOCATION;android.permission.ACCESS_NETWORK_STATE;android.permission.ACCESS_WIFI_STATE;android.permission.AUTHENTICATE_ACCOUNTS;android.permission.BLUETOOTH;android.permission.BLUETOOTH_ADMIN;android.permission.BLUETOOTH_CONNECT;android.permission.BLUETOOTH_SCAN;android.permission.CALL_PHONE;android.permission.CAMERA;android.permission.CHANGE_WIFI_STATE;android.permission.DETECT_SCREEN_CAPTURE;android.permission.DETECT_SCREEN_RECORDING;android.permission.FOREGROUND_SERVICE;android.permission.FOREGROUND_SERVICE_DATA_SYNC;android.permission.FOREGROUND_SERVICE_LOCATION;android.permission.GET_ACCOUNTS;android.permission.INTERNET;android.permission.MANAGE_ACCOUNTS;android.permission.MODIFY_AUDIO_SETTINGS;android.permission.NFC;android.permission.POST_NOTIFICATIONS;android.permission.READ_APP_BADGE;android.permission.READ_CONTACTS;android.permission.READ_EXTERNAL_STORAGE;android.permission.READ_PHONE_STATE;android.permission.RECEIVE_BOOT_COMPLETED;android.permission.RECORD_AUDIO;android.permission.SYSTEM_ALERT_WINDOW;android.permission.USE_BIOMETRIC;android.permission.USE_CREDENTIALS;android.permission.USE_FINGERPRINT;android.permission.USE_FULL_SCREEN_INTENT;android.permission.VIBRATE;android.permission.WAKE_LOCK;android.permission.WRITE_EXTERNAL_STORAGE;com.anddoes.launcher.permission.UPDATE_COUNT;com.android.vending.BILLING;com.google.android.c2dm.permission.RECEIVE;com.google.android.finsky.permission.BIND_GET_INSTALL_REFERRER_SERVICE;com.google.android.gms.permission.AD_ID;com.htc.launcher.permission.READ_SETTINGS;com.htc.launcher.permission.UPDATE_SHORTCUT;com.huawei.android.launcher.permission.CHANGE_BADGE;com.huawei.android.launcher.permission.READ_SETTINGS;com.huawei.android.launcher.permission.WRITE_SETTINGS;com.majeur.launcher.permission.UPDATE_BADGE;com.oppo.launcher.permission.READ_SETTINGS;com.oppo.launcher.permission.WRITE_SETTINGS;com.sec.android.provider.badge.permission.READ;com.sec.android.provider.badge.permission.WRITE;com.sonyericsson.home.permission.BROADCAST_BADGE;com.sonymobile.home.permission.PROVIDER_INSERT_BADGE;com.yandex.permission.AM_COMMUNICATION;com.yandex.permission.READ_CREDENTIALS;com.yandex.yphone.permission.READ;com.yandex.yphone.permission.WRITE;me.everything.badger.permission.BADGE_COUNT_READ;me.everything.badger.permission.BADGE_COUNT_WRITE;ru.yandex.taxi.DYNAMIC_RECEIVER_NOT_EXPORTED_PERMISSION;ru.yandex.taxi.ORDER_NOTIFICATION
