category,pair_id,ru_app,eu_app,ru_perm_count_local,eu_perm_count_local,perm_in_ru_only_count,perm_in_eu_only_count,common_perm_count,ru_only_permissions,eu_only_permissions,common_permissions
bank_1,bank1,Sberbank,BGL,68,22,49,3,19,android.permission.ACCESS_COARSE_LOCATION;android.permission.ACCESS_FINE_LOCATION;android.permission.ANSWER_PHONE_CALLS;android.permission.AUTHENTICATE_ACCOUNTS;android.permission.BLUETOOTH;android.permission.BLUETOOTH_ADMIN;android.permission.BLUETOOTH_ADVERTISE;android.permission.BLUETOOTH_CONNECT;android.permission.BLUETOOTH_SCAN;android.permission.CHANGE_NETWORK_STATE;android.permission.CHANGE_WIFI_STATE;android.permission.DETECT_SCREEN_CAPTURE;android.permission.DOWNLOAD_WITHOUT_NOTIFICATION;android.permission.FLASHLIGHT;android.permission.FOREGROUND_SERVICE_DATA_SYNC;android.permission.FOREGROUND_SERVICE_MICROPHONE;android.permission.FOREGROUND_SERVICE_PHONE_CALL;android.permission.FOREGROUND_SERVICE_SPECIAL_USE;android.permission.GET_ACCOUNTS;android.permission.GET_TASKS;android.permission.HIGH_SAMPLING_RATE_SENSORS;android.permission.KILL_BACKGROUND_PROCESSES;android.permission.MANAGE_ACCOUNTS;android.permission.MANAGE_EXTERNAL_STORAGE;android.permission.MANAGE_OWN_CALLS;android.permission.MODIFY_AUDIO_SETTINGS;android.permission.NFC;android.permission.QUERY_ALL_PACKAGES;android.permission.QUICKBOOT_POWERON;android.permission.READ_CALL_LOG;android.permission.READ_CONTACTS;android.permission.READ_MEDIA_IMAGES;android.permission.READ_MEDIA_VISUAL_USER_SELECTED;android.permission.READ_SYNC_SETTINGS;android.permission.RECORD_AUDIO;android.permission.REQUEST_DELETE_PACKAGES;android.permission.REQUEST_IGNORE_BATTERY_OPTIMIZATIONS;android.permission.REQUEST_INSTALL_PACKAGES;android.permission.UPDATE_PACKAGES_WITHOUT_USER_ACTION;android.permission.USE_BIOMETRIC;android.permission.USE_FINGERPRINT;android.permission.WRITE_CONTACTS;android.permission.WRITE_EMBEDDED_SUBSCRIPTIONS;android.permission.WRITE_SYNC_SETTINGS;com.google.android.providers.gsf.permission.READ_GSERVICES;ru.rtlabs.mobile.ebs.gosuslugi.permission.VERIFICATION;ru.sberbankmobile.DYNAMIC_RECEIVER_NOT_EXPORTED_PERMISSION;ru.sberbankmobile.permission.PROCESS_PUSH_MSG;ru.sberbankmobile.permission.PUSH_PROVIDER,com.personetics.module.permission.C2D_MESSAGE;lu.bgl.spm.retail.DYNAMIC_RECEIVER_NOT_EXPORTED_PERMISSION;lu.bgl.spm.retail.LISTEN_BEADVISED_BROADCAST,android.permission.ACCESS_ADSERVICES_AD_ID;android.permission.ACCESS_ADSERVICES_ATTRIBUTION;android.permission.ACCESS_NETWORK_STATE;android.permission.ACCESS_WIFI_STATE;android.permission.CALL_PHONE;android.permission.CAMERA;android.permission.FOREGROUND_SERVICE;android.permission.INTERNET;android.permission.POST_NOTIFICATIONS;android.permission.READ_EXTERNAL_STORAGE;android.permission.READ_PHONE_STATE;android.permission.RECEIVE_BOOT_COMPLETED;android.permission.SYSTEM_ALERT_WINDOW;android.permission.VIBRATE;android.permission.WAKE_LOCK;android.permission.WRITE_EXTERNAL_STORAGE;com.google.android.c2dm.permission.RECEIVE;com.google.android.finsky.permission.BIND_GET_INSTALL_REFERRER_SERVICE;com.google.android.gms.permission.AD_ID
bank_2,bank2,Tinkoff,ING Luxembourg,75,11,66,2,9,android.permission.ACCESS_ADSERVICES_ATTRIBUTION;android.permission.ACCESS_BACKGROUND_LOCATION;android.permission.ACCESS_COARSE_LOCATION;android.permission.ACCESS_FINE_LOCATION;android.permission.ACCESS_MEDIA_LOCATION;android.permission.BLUETOOTH;android.permission.BLUETOOTH_ADMIN;android.permission.BLUETOOTH_CONNECT;android.permission.BLUETOOTH_SCAN;android.permission.CAMERA;android.permission.CHANGE_NETWORK_STATE;android.permission.CHANGE_WIFI_STATE;android.permission.DETECT_SCREEN_CAPTURE;android.permission.DETECT_SCREEN_RECORDING;android.permission.DOWNLOAD_WITHOUT_NOTIFICATION;android.permission.FOREGROUND_SERVICE;android.permission.FOREGROUND_SERVICE_CAMERA;android.permission.FOREGROUND_SERVICE_DATA_SYNC;android.permission.FOREGROUND_SERVICE_LOCATION;android.permission.FOREGROUND_SERVICE_MEDIA_PLAYBACK;android.permission.FOREGROUND_SERVICE_MEDIA_PROCESSING;android.permission.FOREGROUND_SERVICE_MICROPHONE;android.permission.FOREGROUND_SERVICE_PHONE_CALL;android.permission.HIGH_SAMPLING_RATE_SENSORS;android.permission.MANAGE_OWN_CALLS;android.permission.MODIFY_AUDIO_SETTINGS;android.permission.NEARBY_WIFI_DEVICES;android.permission.NFC;android.permission.QUERY_ALL_PACKAGES;android.permission.READ_CALENDAR;android.permission.READ_CALL_LOG;android.permission.READ_CONTACTS;android.permission.READ_MEDIA_AUDIO;android.permission.READ_MEDIA_IMAGES;android.permission.READ_MEDIA_VIDEO;android.permission.READ_PHONE_NUMBERS;android.permission.READ_PHONE_STATE;android.permission.READ_SECURE_SETTINGS;android.permission.RECEIVE_BOOT_COMPLETED;android.permission.RECORD_AUDIO;android.permission.REQUEST_INSTALL_PACKAGES;android.permission.SCHEDULE_EXACT_ALARM;android.permission.SYSTEM_ALERT_WINDOW;android.permission.UPDATE_PACKAGES_WITHOUT_USER_ACTION;android.permission.USE_EXACT_ALARM;android.permission.USE_FINGERPRINT;android.permission.USE_FULL_SCREEN_INTENT;android.permission.USE_SPI;android.permission.VIBRATE;android.permission.WRITE_CALENDAR;android.permission.WRITE_CONTACTS;android.permission.WRITE_EXTERNAL_STORAGE;android.permission.WRITE_MEDIA_IMAGES;com.android.alarm.permission.SET_ALARM;com.google.android.gms.permission.AD_ID;com.google.android.providers.gsf.permission.READ_GSERVICES;com.huawei.appmarket.service.commondata.permission.GET_COMMON_DATA;com.huawei.permission.ACCESS_HW_KEYSTORE;com.idamob.tinkoff.android.DYNAMIC_RECEIVER_NOT_EXPORTED_PERMISSION;com.idamob.tinkoff.android.permission.PROCESS_PUSH_MSG;com.idamob.tinkoff.android.permission.PUSH_PROVIDER;com.idamob.tinkoff.android.permission.pushserver.RECEIVE;com.samsung.android.mapsagent.permission.READ_APP_INFO;com.samsung.android.providers.context.permission.WRITE_USE_APP_FEATURE_SURVEY;ru.rtlabs.mobile.ebs.gosuslugi.permission.VERIFICATION;ru.tbank.twork.permission.TWORK_ENTRY_POINT_PERMISSION,com.ing.lu.mobile.DYNAMIC_RECEIVER_NOT_EXPORTED_PERMISSION;com.ing.lu.mobile.broadcast.permission,android.permission.ACCESS_NETWORK_STATE;android.permission.ACCESS_WIFI_STATE;android.permission.CALL_PHONE;android.permission.INTERNET;android.permission.POST_NOTIFICATIONS;android.permission.READ_EXTERNAL_STORAGE;android.permission.USE_BIOMETRIC;android.permission.WAKE_LOCK;com.google.android.c2dm.permission.RECEIVE
bank_3,bank3,Alfa Bank,Revolut,46,50,15,19,31,android.permission.READ_MEDIA_IMAGES;android.permission.REQUEST_IGNORE_BATTERY_OPTIMIZATIONS;android.permission.REQUEST_INSTALL_PACKAGES;android.permission.UPDATE_PACKAGES_WITHOUT_USER_ACTION;android.permission.USB_PERMISSION;android.permission.USE_SPI;android.permission.health.READ_STEPS;com.google.android.providers.gsf.permission.READ_GSERVICES;com.huawei.permission.ACCESS_HW_KEYSTORE;ru.alfabank.oavdo.amc.DYNAMIC_RECEIVER_NOT_EXPORTED_PERMISSION;ru.alfabank.oavdo.amc.permission.C2D_MESSAGE;ru.alfabank.oavdo.amc.permission.PROCESS_PUSH_MSG;ru.alfabank.oavdo.amc.permission.PUSH_CLEAR;ru.alfabank.oavdo.amc.permission.PUSH_PROVIDER;ru.alfabank.oavdo.amc.permission.pushserver.RECEIVE,android.permission.AUTHENTICATE_ACCOUNTS;android.permission.BLUETOOTH_SCAN;android.permission.CHANGE_NETWORK_STATE;android.permission.DETECT_SCREEN_CAPTURE;android.permission.DETECT_SCREEN_RECORDING;android.permission.FOREGROUND_SERVICE_MEDIA_PROJECTION;android.permission.FOREGROUND_SERVICE_MICROPHONE;android.permission.FOREGROUND_SERVICE_PHONE_CALL;android.permission.HIGH_SAMPLING_RATE_SENSORS;android.permission.MANAGE_OWN_CALLS;android.permission.MODIFY_AUDIO_SETTINGS;android.permission.QUERY_ALL_PACKAGES;android.permission.READ_PHONE_NUMBERS;android.permission.READ_SYNC_SETTINGS;android.permission.USE_FULL_SCREEN_INTENT;android.permission.WRITE_SYNC_SETTINGS;com.revolut.chat_client.permission.C2D_MESSAGE;com.revolut.revolut.DYNAMIC_RECEIVER_NOT_EXPORTED_PERMISSION;com.revolut.revolut.lpa.permission.BROADCAST,android.permission.ACCESS_ADSERVICES_AD_ID;android.permission.ACCESS_ADSERVICES_ATTRIBUTION;android.permission.ACCESS_COARSE_LOCATION;android.permission.ACCESS_FINE_LOCATION;android.permission.ACCESS_NETWORK_STATE;android.permission.ACCESS_WIFI_STATE;android.permission.BLUETOOTH;android.permission.BLUETOOTH_ADMIN;android.permission.BLUETOOTH_CONNECT;android.permission.CAMERA;android.permission.CHANGE_WIFI_STATE;android.permission.FOREGROUND_SERVICE;android.permission.GET_ACCOUNTS;android.permission.INTERNET;android.permission.NFC;android.permission.POST_NOTIFICATIONS;android.permission.READ_CONTACTS;android.permission.READ_EXTERNAL_STORAGE;android.permission.READ_PHONE_STATE;android.permission.RECEIVE_BOOT_COMPLETED;android.permission.RECORD_AUDIO;android.permission.USE_BIOMETRIC;android.permission.USE_FINGERPRINT;android.permission.VIBRATE;android.permission.WAKE_LOCK;android.permission.WRITE_CONTACTS;android.permission.WRITE_EXTERNAL_STORAGE;com.google.android.c2dm.permission.RECEIVE;com.google.android.finsky.permission.BIND_GET_INSTALL_REFERRER_SERVICE;com.google.android.gms.permission.AD_ID;com.huawei.appmarket.service.commondata.permission.GET_COMMON_DATA
bank_4,bank4,VTB,BILnet,63,26,41,4,22,android.permission.ACCESS_BACKGROUND_LOCATION;android.permission.ACCESS_COARSE_LOCATION;android.permission.AUTHENTICATE_ACCOUNTS;android.permission.BIND_REMOTEVIEWS;android.permission.BLUETOOTH;android.permission.BLUETOOTH_ADVERTISE;android.permission.BLUETOOTH_CONNECT;android.permission.BLUETOOTH_SCAN;android.permission.BROADCAST_STICKY;android.permission.CALL_PHONE;android.permission.CHANGE_WIFI_STATE;android.permission.DETECT_SCREEN_RECORDING;android.permission.GET_ACCOUNTS;android.permission.GET_TASKS;android.permission.MANAGE_ACCOUNTS;android.permission.MANAGE_EXTERNAL_STORAGE;android.permission.NFC;android.permission.READ_CALENDAR;android.permission.READ_CONTACTS;android.permission.READ_MEDIA_AUDIO;android.permission.READ_MEDIA_IMAGES;android.permission.READ_MEDIA_VIDEO;android.permission.READ_SYNC_SETTINGS;android.permission.REORDER_TASKS;android.permission.REQUEST_IGNORE_BATTERY_OPTIMIZATIONS;android.permission.REQUEST_INSTALL_PACKAGES;android.permission.UPDATE_PACKAGES_WITHOUT_USER_ACTION;android.permission.WRITE_CALENDAR;android.permission.WRITE_CONTACTS;android.permission.WRITE_SYNC_SETTINGS;com.android.launcher.permission.INSTALL_SHORTCUT;com.google.android.providers.gsf.permission.READ_GSERVICES;com.samsung.android.providers.context.permission.WRITE_USE_APP_FEATURE_SURVEY;ru.rtlabs.mobile.ebs.gosuslugi.permission.VERIFICATION;ru.rtlabs.mobile.ebs.permission.VERIFICATION;ru.vtb24.mobilebanking.android.DYNAMIC_RECEIVER_NOT_EXPORTED_PERMISSION;ru.vtb24.mobilebanking.android.permission.INIT_EVENT;ru.vtb24.mobilebanking.android.permission.MESSAGING_EVENT;ru.vtb24.mobilebanking.android.permission.PROCESS_PUSH_MSG;ru.vtb24.mobilebanking.android.permission.PUSH_PROVIDER;ru.vtb24.mobilebanking.android.permission.WIDGET_REFRESH_EVENT,android.permission.ACCESS_ADSERVICES_AD_ID;android.permission.ACCESS_ADSERVICES_ATTRIBUTION;android.permission.FLASHLIGHT;com.bil.android.DYNAMIC_RECEIVER_NOT_EXPORTED_PERMISSION,android.permission.ACCESS_FINE_LOCATION;android.permission.ACCESS_NETWORK_STATE;android.permission.ACCESS_WIFI_STATE;android.permission.CAMERA;android.permission.DETECT_SCREEN_CAPTURE;android.permission.DOWNLOAD_WITHOUT_NOTIFICATION;android.permission.FOREGROUND_SERVICE;android.permission.INTERNET;android.permission.MODIFY_AUDIO_SETTINGS;android.permission.POST_NOTIFICATIONS;android.permission.READ_EXTERNAL_STORAGE;android.permission.READ_PHONE_STATE;android.permission.RECEIVE_BOOT_COMPLETED;android.permission.RECORD_AUDIO;android.permission.SYSTEM_ALERT_WINDOW;android.permission.USE_BIOMETRIC;android.permission.USE_FINGERPRINT;android.permission.VIBRATE;android.permission.WAKE_LOCK;android.permission.WRITE_EXTERNAL_STORAGE;com.google.android.c2dm.permission.RECEIVE;com.google.android.finsky.permission.BIND_GET_INSTALL_REFERRER_SERVICE
ecom_1,ecom1,Ozon,Amazon Shopping,34,69,9,44,25,android.permission.CHANGE_NETWORK_STATE;android.permission.DETECT_SCREEN_RECORDING;android.permission.READ_CALL_LOG;android.permission.READ_MEDIA_IMAGES;android.permission.READ_MEDIA_VIDEO;android.permission.REQUEST_IGNORE_BATTERY_OPTIMIZATIONS;com.google.android.providers.gsf.permission.READ_GSERVICES;ru.ozon.app.android.DYNAMIC_RECEIVER_NOT_EXPORTED_PERMISSION;ru.ozon.fintech.permission.WRITE_PROVIDER_DATA,amazon.permission.COLLECT_METRICS;android.permission.ACCESS_BACKGROUND_LOCATION;android.permission.AUTHENTICATE_ACCOUNTS;android.permission.BLUETOOTH_ADMIN;android.permission.BLUETOOTH_ADVERTISE;android.permission.BLUETOOTH_CONNECT;android.permission.BLUETOOTH_SCAN;android.permission.CREDENTIAL_MANAGER_QUERY_CANDIDATE_CREDENTIALS;android.permission.FLASHLIGHT;android.permission.FOREGROUND_SERVICE_LOCATION;android.permission.FOREGROUND_SERVICE_MEDIA_PLAYBACK;android.permission.GET_ACCOUNTS;android.permission.HIGH_SAMPLING_RATE_SENSORS;android.permission.MANAGE_ACCOUNTS;android.permission.MODIFY_AUDIO_SETTINGS;android.permission.NEARBY_WIFI_DEVICES;android.permission.RECORD_AUDIO;android.permission.USE_CREDENTIALS;com.amazon.appmanager.preload.permission.READ_PRELOAD_DEVICE_INFO_PROVIDER;com.amazon.dcp.config.permission.DYN_CONFIG_VALUES_UPDATED;com.amazon.dcp.metrics.permission.METRICS_PERMISSION;com.amazon.dcp.settings.permission.READ_SETTINGS;com.amazon.dcp.sso.permission.AmazonAccountPropertyService.property.changed;com.amazon.dcp.sso.permission.CUSTOMER_ATTRIBUTE_SERVICE;com.amazon.dcp.sso.permission.MANAGE_COR_PFM;com.amazon.dcp.sso.permission.USE_DEVICE_CREDENTIALS;com.amazon.dcp.sso.permission.account.changed;com.amazon.identity.auth.device.perm.AUTH_SDK;com.amazon.identity.permission.CALL_AMAZON_DEVICE_INFORMATION_PROVIDER;com.amazon.identity.permission.CAN_CALL_MAP_INFORMATION_PROVIDER;com.amazon.identity.permission.GENERIC_IPC;com.amazon.mShop.android.shopping.DYNAMIC_RECEIVER_NOT_EXPORTED_PERMISSION;com.amazon.whisperjoin.deviceprovisioningservice.AllowListPolicyUpdatePermission;com.amazon.whisperjoin.deviceprovisioningservice.ArcusUpdatePermission;com.amazon.whisperjoin.deviceprovisioningservice.FFSServiceActionPermission;com.android.launcher.permission.INSTALL_SHORTCUT;com.android.launcher.permission.READ_SETTINGS;com.android.vending.BILLING;com.android.vending.CHECK_LICENSE;com.google.android.apps.photos.permission.GOOGLE_PHOTOS;com.htc.launcher.permission.READ_SETTINGS;com.htc.launcher.permission.UPDATE_SHORTCUT;com.sec.android.provider.badge.permission.READ;com.sec.android.provider.badge.permission.WRITE,android.permission.ACCESS_COARSE_LOCATION;android.permission.ACCESS_FINE_LOCATION;android.permission.ACCESS_NETWORK_STATE;android.permission.ACCESS_WIFI_STATE;android.permission.BLUETOOTH;android.permission.CAMERA;android.permission.CHANGE_WIFI_STATE;android.permission.DETECT_SCREEN_CAPTURE;android.permission.FOREGROUND_SERVICE;android.permission.INTERNET;android.permission.NFC;android.permission.POST_NOTIFICATIONS;android.permission.READ_BASIC_PHONE_STATE;android.permission.READ_CONTACTS;android.permission.READ_EXTERNAL_STORAGE;android.permission.READ_PHONE_STATE;android.permission.RECEIVE_BOOT_COMPLETED;android.permission.USE_BIOMETRIC;android.permission.USE_FINGERPRINT;android.permission.VIBRATE;android.permission.WAKE_LOCK;android.permission.WRITE_EXTERNAL_STORAGE;com.google.android.c2dm.permission.RECEIVE;com.google.android.finsky.permission.BIND_GET_INSTALL_REFERRER_SERVICE;com.google.android.gms.permission.AD_ID
ecom_2,ecom2,Wildberries,Zalando,53,25,35,7,18,android.permission.ACCESS_COARSE_LOCATION;android.permission.ACCESS_FINE_LOCATION;android.permission.AUTHENTICATE_ACCOUNTS;android.permission.BLUETOOTH;android.permission.CHANGE_NETWORK_STATE;android.permission.CHANGE_WIFI_STATE;android.permission.DETECT_SCREEN_CAPTURE;android.permission.DOWNLOAD_WITHOUT_NOTIFICATION;android.permission.GET_ACCOUNTS;android.permission.MANAGE_ACCOUNTS;android.permission.NFC;android.permission.READ_APP_BADGE;android.permission.READ_CONTACTS;android.permission.USE_BIOMETRIC;android.permission.USE_CREDENTIALS;android.permission.USE_FINGERPRINT;com.anddoes.launcher.permission.UPDATE_COUNT;com.google.android.providers.gsf.permission.READ_GSERVICES;com.htc.launcher.permission.READ_SETTINGS;com.htc.launcher.permission.UPDATE_SHORTCUT;com.huawei.android.launcher.permission.CHANGE_BADGE;com.huawei.android.launcher.permission.READ_SETTINGS;com.huawei.android.launcher.permission.WRITE_SETTINGS;com.huawei.appmarket.service.commondata.permission.GET_COMMON_DATA;com.majeur.launcher.permission.UPDATE_BADGE;com.oppo.launcher.permission.READ_SETTINGS;com.oppo.launcher.permission.WRITE_SETTINGS;com.samsung.android.mapsagent.permission.READ_APP_INFO;com.sec.android.provider.badge.permission.READ;com.sec.android.provider.badge.permission.WRITE;com.sonyericsson.home.permission.BROADCAST_BADGE;com.sonymobile.home.permission.PROVIDER_INSERT_BADGE;com.wildberries.ru.DYNAMIC_RECEIVER_NOT_EXPORTED_PERMISSION;me.everything.badger.permission.BADGE_COUNT_READ;me.everything.badger.permission.BADGE_COUNT_WRITE,android.permission.FOREGROUND_SERVICE_DATA_SYNC;android.permission.MICROPHONE;android.permission.READ_MEDIA_VISUAL_USER_SELECTED;android.permission.RECORD_AUDIO;android.permission.SCHEDULE_EXACT_ALARM;com.adjust.preinstall.READ_PERMISSION;de.zalando.mobile.DYNAMIC_RECEIVER_NOT_EXPORTED_PERMISSION,android.permission.ACCESS_ADSERVICES_AD_ID;android.permission.ACCESS_ADSERVICES_ATTRIBUTION;android.permission.ACCESS_NETWORK_STATE;android.permission.ACCESS_WIFI_STATE;android.permission.CAMERA;android.permission.FOREGROUND_SERVICE;android.permission.INTERNET;android.permission.POST_NOTIFICATIONS;android.permission.READ_EXTERNAL_STORAGE;android.permission.READ_MEDIA_IMAGES;android.permission.READ_MEDIA_VIDEO;android.permission.RECEIVE_BOOT_COMPLETED;android.permission.VIBRATE;android.permission.WAKE_LOCK;android.permission.WRITE_EXTERNAL_STORAGE;com.google.android.c2dm.permission.RECEIVE;com.google.android.finsky.permission.BIND_GET_INSTALL_REFERRER_SERVICE;com.google.android.gms.permission.AD_ID
ecom_3,ecom3,Yandex Market,bol,38,24,24,10,14,android.permission.ACCESS_COARSE_LOCATION;android.permission.ACCESS_FINE_LOCATION;android.permission.AUTHENTICATE_ACCOUNTS;android.permission.BLUETOOTH_ADMIN;android.permission.BLUETOOTH_CONNECT;android.permission.BLUETOOTH_SCAN;android.permission.CHANGE_WIFI_STATE;android.permission.DETECT_SCREEN_CAPTURE;android.permission.FLASHLIGHT;android.permission.GET_ACCOUNTS;android.permission.MANAGE_ACCOUNTS;android.permission.MODIFY_AUDIO_SETTINGS;android.permission.NFC;android.permission.READ_CONTACTS;android.permission.READ_EXTERNAL_STORAGE;android.permission.READ_MEDIA_VISUAL_USER_SELECTED;android.permission.RECEIVE_BOOT_COMPLETED;android.permission.RECORD_AUDIO;android.permission.USE_CREDENTIALS;com.adjust.preinstall.READ_PERMISSION;com.android.vending.BILLING;com.yandex.permission.AM_COMMUNICATION;com.yandex.permission.READ_CREDENTIALS;ru.beru.android.DYNAMIC_RECEIVER_NOT_EXPORTED_PERMISSION,android.permission.ACCESS_ADSERVICES_AD_ID;android.permission.ACCESS_ADSERVICES_ATTRIBUTION;android.permission.ACCESS_ADSERVICES_TOPICS;android.permission.DOWNLOAD_WITHOUT_NOTIFICATION;android.permission.REORDER_TASKS;com.bol.shop.DYNAMIC_RECEIVER_NOT_EXPORTED_PERMISSION;com.bol.shop.permission.C2D_MESSAGE;com.huawei.appmarket.service.commondata.permission.GET_COMMON_DATA;com.samsung.android.mapsagent.permission.READ_APP_INFO;com.samsung.android.providers.context.permission.WRITE_USE_APP_FEATURE_SURVEY,android.permission.ACCESS_NETWORK_STATE;android.permission.ACCESS_WIFI_STATE;android.permission.CAMERA;android.permission.FOREGROUND_SERVICE;android.permission.INTERNET;android.permission.POST_NOTIFICATIONS;android.permission.USE_BIOMETRIC;android.permission.USE_FINGERPRINT;android.permission.VIBRATE;android.permission.WAKE_LOCK;android.permission.WRITE_EXTERNAL_STORAGE;com.google.android.c2dm.permission.RECEIVE;com.google.android.finsky.permission.BIND_GET_INSTALL_REFERRER_SERVICE;com.google.android.gms.permission.AD_ID
ecom_4,ecom4,Avito,Vinted,55,29,34,8,21,android.permission.ACCESS_MEDIA_LOCATION;android.permission.AUTHENTICATE_ACCOUNTS;android.permission.BLUETOOTH;android.permission.BLUETOOTH_CONNECT;android.permission.CALL_PHONE;android.permission.ENFORCE_UPDATE_OWNERSHIP;android.permission.FOREGROUND_SERVICE_CAMERA;android.permission.FOREGROUND_SERVICE_DATA_SYNC;android.permission.FOREGROUND_SERVICE_MICROPHONE;android.permission.FOREGROUND_SERVICE_PHONE_CALL;android.permission.FOREGROUND_SERVICE_SPECIAL_USE;android.permission.GET_ACCOUNTS;android.permission.MANAGE_ACCOUNTS;android.permission.MANAGE_OWN_CALLS;android.permission.MODIFY_AUDIO_SETTINGS;android.permission.NFC;android.permission.READ_CONTACTS;android.permission.READ_MEDIA_VIDEO;android.permission.READ_PHONE_STATE;android.permission.RECEIVE_BOOT_COMPLETED;android.permission.RECORD_AUDIO;android.permission.REQUEST_IGNORE_BATTERY_OPTIMIZATIONS;android.permission.REQUEST_INSTALL_PACKAGES;android.permission.SYSTEM_ALERT_WINDOW;android.permission.UPDATE_PACKAGES_WITHOUT_USER_ACTION;android.permission.USE_CREDENTIALS;android.permission.USE_FULL_SCREEN_INTENT;android.permission.WRITE_CONTACTS;android.permission.WRITE_SETTINGS;com.avito.android.DYNAMIC_RECEIVER_NOT_EXPORTED_PERMISSION;com.avito.android.permission.PROCESS_PUSH_MSG;com.avito.android.permission.PUSH_PROVIDER;com.huawei.appmarket.service.commondata.permission.GET_COMMON_DATA;ru.sberbank.mobile.sberid.BIND_PERSONALIZATION_SERVICE,android.permission.ACCESS_ADSERVICES_CUSTOM_AUDIENCE;android.permission.ACCESS_ADSERVICES_TOPICS;android.permission.CHANGE_WIFI_STATE;android.permission.HIDE_OVERLAY_WINDOWS;android.permission.REORDER_TASKS;com.applovin.array.apphub.permission.BIND_APPHUB_SERVICE;com.google.android.providers.gsf.permission.READ_GSERVICES;fr.vinted.DYNAMIC_RECEIVER_NOT_EXPORTED_PERMISSION,android.permission.ACCESS_ADSERVICES_AD_ID;android.permission.ACCESS_ADSERVICES_ATTRIBUTION;android.permission.ACCESS_COARSE_LOCATION;android.permission.ACCESS_FINE_LOCATION;android.permission.ACCESS_NETWORK_STATE;android.permission.ACCESS_WIFI_STATE;android.permission.CAMERA;android.permission.FOREGROUND_SERVICE;android.permission.INTERNET;android.permission.POST_NOTIFICATIONS;android.permission.READ_EXTERNAL_STORAGE;android.permission.READ_MEDIA_IMAGES;android.permission.READ_MEDIA_VISUAL_USER_SELECTED;android.permission.USE_BIOMETRIC;android.permission.USE_FINGERPRINT;android.permission.VIBRATE;android.permission.WAKE_LOCK;android.permission.WRITE_EXTERNAL_STORAGE;com.google.android.c2dm.permission.RECEIVE;com.google.android.finsky.permission.BIND_GET_INSTALL_REFERRER_SERVICE;com.google.android.gms.permission.AD_ID
gov_portal,gov1,Gosuslugi,MyGuichet.lu,35,17,22,4,13,android.permission.ACCESS_ADSERVICES_AD_ID;android.permission.ACCESS_ADSERVICES_ATTRIBUTION;android.permission.ACCESS_WIFI_STATE;android.permission.CALL_PHONE;android.permission.CHANGE_NETWORK_STATE;android.permission.CHANGE_WIFI_STATE;android.permission.DETECT_SCREEN_CAPTURE;android.permission.FOREGROUND_SERVICE;android.permission.MODIFY_AUDIO_SETTINGS;android.permission.NFC;android.permission.READ_BASIC_PHONE_STATE;android.permission.READ_MEDIA_IMAGES;android.permission.READ_MEDIA_VISUAL_USER_SELECTED;android.permission.RECORD_AUDIO;android.permission.REORDER_TASKS;android.permission.SCHEDULE_EXACT_ALARM;android.permission.WRITE_EXTERNAL_STORAGE;com.fingerprints.service.ACCESS_FINGERPRINT_MANAGER;com.google.android.finsky.permission.BIND_GET_INSTALL_REFERRER_SERVICE;com.google.android.gms.permission.AD_ID;com.samsung.android.providers.context.permission.WRITE_USE_APP_FEATURE_SURVEY;ru.rostel.DYNAMIC_RECEIVER_NOT_EXPORTED_PERMISSION,android.permission.BATTERY_STATS;android.permission.FLASHLIGHT;com.android.vending.CHECK_LICENSE;lu.etat.fp.gun.android.DYNAMIC_RECEIVER_NOT_EXPORTED_PERMISSION,android.permission.ACCESS_COARSE_LOCATION;android.permission.ACCESS_FINE_LOCATION;android.permission.ACCESS_NETWORK_STATE;android.permission.CAMERA;android.permission.INTERNET;android.permission.POST_NOTIFICATIONS;android.permission.READ_EXTERNAL_STORAGE;android.permission.RECEIVE_BOOT_COMPLETED;android.permission.USE_BIOMETRIC;android.permission.USE_FINGERPRINT;android.permission.VIBRATE;android.permission.WAKE_LOCK;com.google.android.c2dm.permission.RECEIVE
gov_tax,gov2,Nalogi FL,impots.gouv,29,37,9,17,20,android.permission.ACCESS_NOTIFICATION_POLICY;android.permission.BROADCAST_CLOSE_SYSTEM_DIALOGS;android.permission.FOREGROUND_SERVICE;android.permission.READ_MEDIA_IMAGES;android.permission.SCHEDULE_EXACT_ALARM;com.android.launcher.permission.INSTALL_SHORTCUT;com.android.launcher.permission.UNINSTALL_SHORTCUT;ru.fns.lkfl.DYNAMIC_RECEIVER_NOT_EXPORTED_PERMISSION;ru.fns.lkfl.permission.C2D_MESSAGE,android.permission.READ_APP_BADGE;com.anddoes.launcher.permission.UPDATE_COUNT;com.htc.launcher.permission.READ_SETTINGS;com.htc.launcher.permission.UPDATE_SHORTCUT;com.huawei.android.launcher.permission.CHANGE_BADGE;com.huawei.android.launcher.permission.READ_SETTINGS;com.huawei.android.launcher.permission.WRITE_SETTINGS;com.majeur.launcher.permission.UPDATE_BADGE;com.oppo.launcher.permission.READ_SETTINGS;com.oppo.launcher.permission.WRITE_SETTINGS;com.sec.android.provider.badge.permission.READ;com.sec.android.provider.badge.permission.WRITE;com.sonyericsson.home.permission.BROADCAST_BADGE;com.sonymobile.home.permission.PROVIDER_INSERT_BADGE;fr.gouv.finances.smartphone.android.DYNAMIC_RECEIVER_NOT_EXPORTED_PERMISSION;me.everything.badger.permission.BADGE_COUNT_READ;me.everything.badger.permission.BADGE_COUNT_WRITE,android.permission.ACCESS_FINE_LOCATION;android.permission.ACCESS_NETWORK_STATE;android.permission.ACCESS_WIFI_STATE;android.permission.CAMERA;android.permission.DOWNLOAD_WITHOUT_NOTIFICATION;android.permission.INTERNET;android.permission.POST_NOTIFICATIONS;android.permission.READ_CALENDAR;android.permission.READ_EXTERNAL_STORAGE;android.permission.RECEIVE_BOOT_COMPLETED;android.permission.USE_BIOMETRIC;android.permission.USE_FINGERPRINT;android.permission.VIBRATE;android.permission.WAKE_LOCK;android.permission.WRITE_CALENDAR;android.permission.WRITE_EXTERNAL_STORAGE;com.fingerprints.service.ACCESS_FINGERPRINT_MANAGER;com.google.android.c2dm.permission.RECEIVE;com.google.android.finsky.permission.BIND_GET_INSTALL_REFERRER_SERVICE;com.samsung.android.providers.context.permission.WRITE_USE_APP_FEATURE_SURVEY
gov_eid,gov3,Gosuslugi Biometria,itsme,18,18,6,6,12,android.permission.ACCESS_WIFI_STATE;android.permission.RECEIVE_BOOT_COMPLETED;android.permission.RECORD_AUDIO;android.permission.REQUEST_DELETE_PACKAGES;com.google.android.finsky.permission.BIND_GET_INSTALL_REFERRER_SERVICE;ru.rtlabs.mobile.ebs.gosuslugi.android.DYNAMIC_RECEIVER_NOT_EXPORTED_PERMISSION,android.permission.ACCESS_ADSERVICES_AD_ID;android.permission.ACCESS_ADSERVICES_ATTRIBUTION;android.permission.HIDE_OVERLAY_WINDOWS;android.permission.REORDER_TASKS;android.permission.USE_FINGERPRINT;be.bmid.itsme.DYNAMIC_RECEIVER_NOT_EXPORTED_PERMISSION,android.permission.ACCESS_NETWORK_STATE;android.permission.CAMERA;android.permission.INTERNET;android.permission.NFC;android.permission.POST_NOTIFICATIONS;android.permission.READ_EXTERNAL_STORAGE;android.permission.READ_PHONE_STATE;android.permission.USE_BIOMETRIC;android.permission.VIBRATE;android.permission.WAKE_LOCK;android.permission.WRITE_EXTERNAL_STORAGE;com.google.android.c2dm.permission.RECEIVE
health,health,EMIAS.INFO,Doctena,40,27,33,20,7,android.permission.ACCESS_ADSERVICES_AD_ID;android.permission.ACCESS_ADSERVICES_ATTRIBUTION;android.permission.ACCESS_COARSE_LOCATION;android.permission.ACCESS_FINE_LOCATION;android.permission.ACCESS_WIFI_STATE;android.permission.BLUETOOTH;android.permission.CAMERA;android.permission.CHANGE_WIFI_STATE;android.permission.FOREGROUND_SERVICE_MEDIA_PLAYBACK;android.permission.FOREGROUND_SERVICE_MICROPHONE;android.permission.MANAGE_OWN_CALLS;android.permission.MODIFY_AUDIO_SETTINGS;android.permission.READ_CALENDAR;android.permission.READ_CONTACTS;android.permission.READ_EXTERNAL_STORAGE;android.permission.READ_MEDIA_AUDIO;android.permission.RECORD_AUDIO;android.permission.SCHEDULE_EXACT_ALARM;android.permission.USE_BIOMETRIC;android.permission.USE_FINGERPRINT;android.permission.WRITE_CALENDAR;android.permission.WRITE_EXTERNAL_STORAGE;android.permission.health.READ_BLOOD_GLUCOSE;android.permission.health.READ_BLOOD_PRESSURE;android.permission.health.READ_BODY_TEMPERATURE;android.permission.health.READ_HEART_RATE;android.permission.health.READ_OXYGEN_SATURATION;android.permission.health.READ_WEIGHT;com.google.android.finsky.permission.BIND_GET_INSTALL_REFERRER_SERVICE;com.google.android.gms.permission.AD_ID;com.programmisty.emiasapp.DYNAMIC_RECEIVER_NOT_EXPORTED_PERMISSION;com.programmisty.emiasapp.permission.PROCESS_PUSH_MSG;com.programmisty.emiasapp.permission.PUSH_PROVIDER,android.permission.READ_APP_BADGE;android.permission.READ_PHONE_STATE;android.permission.VIBRATE;com.anddoes.launcher.permission.UPDATE_COUNT;com.htc.launcher.permission.READ_SETTINGS;com.htc.launcher.permission.UPDATE_SHORTCUT;com.huawei.android.launcher.permission.CHANGE_BADGE;com.huawei.android.launcher.permission.READ_SETTINGS;com.huawei.android.launcher.permission.WRITE_SETTINGS;com.majeur.launcher.permission.UPDATE_BADGE;com.oppo.launcher.permission.READ_SETTINGS;com.oppo.launcher.permission.WRITE_SETTINGS;com.sec.android.provider.badge.permission.READ;com.sec.android.provider.badge.permission.WRITE;com.sonyericsson.home.permission.BROADCAST_BADGE;com.sonymobile.home.permission.PROVIDER_INSERT_BADGE;goodsoft.pl.doctenalu.DYNAMIC_RECEIVER_NOT_EXPORTED_PERMISSION;goodsoft.pl.doctenalu.permission.C2D_MESSAGE;me.everything.badger.permission.BADGE_COUNT_READ;me.everything.badger.permission.BADGE_COUNT_WRITE,android.permission.ACCESS_NETWORK_STATE;android.permission.FOREGROUND_SERVICE;android.permission.INTERNET;android.permission.POST_NOTIFICATIONS;android.permission.RECEIVE_BOOT_COMPLETED;android.permission.WAKE_LOCK;com.google.android.c2dm.permission.RECEIVE
transport_maps,maps,Yandex Maps,Google Maps,60,49,25,14,35,android.permission.ACCESS_ADSERVICES_AD_ID;android.permission.ACCESS_ADSERVICES_TOPICS;android.permission.ACCESS_MEDIA_LOCATION;android.permission.AUTHENTICATE_ACCOUNTS;android.permission.BLUETOOTH;android.permission.BLUETOOTH_ADMIN;android.permission.BLUETOOTH_ADVERTISE;android.permission.BLUETOOTH_CONNECT;android.permission.BLUETOOTH_SCAN;android.permission.FOREGROUND_SERVICE_CAMERA;android.permission.FOREGROUND_SERVICE_MEDIA_PLAYBACK;android.permission.USE_BIOMETRIC;android.permission.USE_FINGERPRINT;android.permission.WRITE_SETTINGS;androidx.car.app.ACCESS_SURFACE;androidx.car.app.NAVIGATION_TEMPLATES;com.android.vending.BILLING;com.google.android.finsky.permission.BIND_GET_INSTALL_REFERRER_SERVICE;com.google.android.gms.permission.CAR_VENDOR_EXTENSION;com.huawei.appmarket.service.commondata.permission.GET_COMMON_DATA;com.samsung.android.mapsagent.permission.READ_APP_INFO;com.yandex.alice.icon.permission.READ_STATE;com.yandex.permission.AM_COMMUNICATION;com.yandex.permission.READ_CREDENTIALS;ru.yandex.yandexmaps.DYNAMIC_RECEIVER_NOT_EXPORTED_PERMISSION,android.permission.BROADCAST_STICKY;android.permission.CHANGE_NETWORK_STATE;android.permission.DISABLE_KEYGUARD;android.permission.DOWNLOAD_WITHOUT_NOTIFICATION;android.permission.FOREGROUND_SERVICE_MEDIA_PROCESSING;android.permission.GET_PACKAGE_SIZE;android.permission.POST_PROMOTED_NOTIFICATIONS;android.permission.READ_SYNC_SETTINGS;android.permission.RUN_USER_INITIATED_JOBS;android.permission.WRITE_SYNC_SETTINGS;com.google.android.apps.maps.DYNAMIC_RECEIVER_NOT_EXPORTED_PERMISSION;com.google.android.googlequicksearchbox.permission.LAUNCH_FROM_GMM;com.google.android.googlequicksearchbox.permission.LENSVIEW_BROADCAST;com.google.android.providers.gsf.permission.READ_GSERVICES,android.permission.ACCESS_ADSERVICES_ATTRIBUTION;android.permission.ACCESS_BACKGROUND_LOCATION;android.permission.ACCESS_COARSE_LOCATION;android.permission.ACCESS_FINE_LOCATION;android.permission.ACCESS_NETWORK_STATE;android.permission.ACCESS_WIFI_STATE;android.permission.ACTIVITY_RECOGNITION;android.permission.CAMERA;android.permission.CHANGE_WIFI_STATE;android.permission.DETECT_SCREEN_CAPTURE;android.permission.FOREGROUND_SERVICE;android.permission.FOREGROUND_SERVICE_DATA_SYNC;android.permission.FOREGROUND_SERVICE_LOCATION;android.permission.GET_ACCOUNTS;android.permission.INTERNET;android.permission.MANAGE_ACCOUNTS;android.permission.NFC;android.permission.POST_NOTIFICATIONS;android.permission.READ_CONTACTS;android.permission.READ_EXTERNAL_STORAGE;android.permission.READ_MEDIA_IMAGES;android.permission.READ_MEDIA_VIDEO;android.permission.READ_MEDIA_VISUAL_USER_SELECTED;android.permission.RECEIVE_BOOT_COMPLETED;android.permission.RECORD_AUDIO;android.permission.SCHEDULE_EXACT_ALARM;android.permission.USE_CREDENTIALS;android.permission.VIBRATE;android.permission.WAKE_LOCK;android.permission.WRITE_EXTERNAL_STORAGE;com.android.launcher.permission.INSTALL_SHORTCUT;com.google.android.c2dm.permission.RECEIVE;com.google.android.gms.permission.ACTIVITY_RECOGNITION;com.google.android.gms.permission.AD_ID;com.google.android.gms.permission.CAR_SPEED
msg_1,msg1,MAX,WhatsApp,51,83,10,42,41,android.permission.FOREGROUND_SERVICE_MEDIA_PLAYBACK;android.permission.READ_APP_BADGE;android.permission.SYSTEM_ALERT_WINDOW;com.anddoes.launcher.permission.UPDATE_COUNT;com.majeur.launcher.permission.UPDATE_BADGE;com.oppo.launcher.permission.READ_SETTINGS;com.oppo.launcher.permission.WRITE_SETTINGS;me.everything.badger.permission.BADGE_COUNT_READ;me.everything.badger.permission.BADGE_COUNT_WRITE;ru.oneme.app.DYNAMIC_RECEIVER_NOT_EXPORTED_PERMISSION,android.permission.ACCESS_MEDIA_LOCATION;android.permission.AUTHENTICATE_ACCOUNTS;android.permission.BLUETOOTH_ADMIN;android.permission.BLUETOOTH_ADVERTISE;android.permission.BLUETOOTH_SCAN;android.permission.BROADCAST_STICKY;android.permission.CHANGE_WIFI_STATE;android.permission.DETECT_SCREEN_CAPTURE;android.permission.FOREGROUND_SERVICE_LOCATION;android.permission.FOREGROUND_SERVICE_PHONE_CALL;android.permission.GET_ACCOUNTS;android.permission.GET_TASKS;android.permission.INSTALL_SHORTCUT;android.permission.MANAGE_ACCOUNTS;android.permission.MANAGE_OWN_CALLS;android.permission.NEARBY_WIFI_DEVICES;android.permission.NFC;android.permission.READ_BASIC_PHONE_STATE;android.permission.READ_MEDIA_AUDIO;android.permission.READ_PHONE_NUMBERS;android.permission.READ_PHONE_STATE;android.permission.READ_PROFILE;android.permission.READ_SYNC_SETTINGS;android.permission.READ_SYNC_STATS;android.permission.RECEIVE_SMS;android.permission.RUN_USER_INITIATED_JOBS;android.permission.SCHEDULE_EXACT_ALARM;android.permission.SEND_SMS;android.permission.USE_CREDENTIALS;android.permission.WRITE_SYNC_SETTINGS;com.android.launcher.permission.INSTALL_SHORTCUT;com.android.launcher.permission.UNINSTALL_SHORTCUT;com.android.vending.BILLING;com.facebook.services.identity.FEO2;com.google.android.c2dm.permission.RECEIVE;com.google.android.finsky.permission.BIND_GET_INSTALL_REFERRER_SERVICE;com.google.android.providers.gsf.permission.READ_GSERVICES;com.whatsapp.DYNAMIC_RECEIVER_NOT_EXPORTED_PERMISSION;com.whatsapp.permission.BROADCAST;com.whatsapp.permission.MAPS_RECEIVE;com.whatsapp.permission.REGISTRATION;com.whatsapp.sticker.READ,android.permission.ACCESS_COARSE_LOCATION;android.permission.ACCESS_FINE_LOCATION;android.permission.ACCESS_NETWORK_STATE;android.permission.ACCESS_WIFI_STATE;android.permission.BLUETOOTH;android.permission.BLUETOOTH_CONNECT;android.permission.CAMERA;android.permission.CHANGE_NETWORK_STATE;android.permission.FOREGROUND_SERVICE;android.permission.FOREGROUND_SERVICE_CAMERA;android.permission.FOREGROUND_SERVICE_DATA_SYNC;android.permission.FOREGROUND_SERVICE_MEDIA_PROJECTION;android.permission.FOREGROUND_SERVICE_MICROPHONE;android.permission.INTERNET;android.permission.MODIFY_AUDIO_SETTINGS;android.permission.POST_NOTIFICATIONS;android.permission.READ_CONTACTS;android.permission.READ_EXTERNAL_STORAGE;android.permission.READ_MEDIA_IMAGES;android.permission.READ_MEDIA_VIDEO;android.permission.READ_MEDIA_VISUAL_USER_SELECTED;android.permission.RECEIVE_BOOT_COMPLETED;android.permission.RECORD_AUDIO;android.permission.REQUEST_INSTALL_PACKAGES;android.permission.USE_BIOMETRIC;android.permission.USE_FINGERPRINT;android.permission.USE_FULL_SCREEN_INTENT;android.permission.VIBRATE;android.permission.WAKE_LOCK;android.permission.WRITE_CONTACTS;android.permission.WRITE_EXTERNAL_STORAGE;com.google.android.gms.permission.AD_ID;com.htc.launcher.permission.READ_SETTINGS;com.htc.launcher.permission.UPDATE_SHORTCUT;com.huawei.android.launcher.permission.CHANGE_BADGE;com.huawei.android.launcher.permission.READ_SETTINGS;com.huawei.android.launcher.permission.WRITE_SETTINGS;com.sec.android.provider.badge.permission.READ;com.sec.android.provider.badge.permission.WRITE;com.sonyericsson.home.permission.BROADCAST_BADGE;com.sonymobile.home.permission.PROVIDER_INSERT_BADGE
msg_2,msg2,Yandex Telemost,Telegram,29,71,9,51,20,android.permission.FLASHLIGHT;android.permission.READ_MEDIA_VISUAL_USER_SELECTED;android.permission.SCHEDULE_EXACT_ALARM;android.permission.USE_CREDENTIALS;com.google.android.finsky.permission.BIND_GET_INSTALL_REFERRER_SERVICE;com.google.android.gms.permission.AD_ID;com.yandex.permission.AM_COMMUNICATION;com.yandex.permission.READ_CREDENTIALS;ru.yandex.telemost.DYNAMIC_RECEIVER_NOT_EXPORTED_PERMISSION,android.permission.ACCESS_BACKGROUND_LOCATION;android.permission.ACCESS_COARSE_LOCATION;android.permission.ACCESS_FINE_LOCATION;android.permission.ACCESS_MEDIA_LOCATION;android.permission.CALL_PHONE;android.permission.FOREGROUND_SERVICE_CAMERA;android.permission.FOREGROUND_SERVICE_DATA_SYNC;android.permission.FOREGROUND_SERVICE_LOCATION;android.permission.FOREGROUND_SERVICE_MEDIA_PLAYBACK;android.permission.FOREGROUND_SERVICE_MEDIA_PROJECTION;android.permission.FOREGROUND_SERVICE_MICROPHONE;android.permission.INSTALL_SHORTCUT;android.permission.MANAGE_OWN_CALLS;android.permission.READ_APP_BADGE;android.permission.READ_CALL_LOG;android.permission.READ_CLIPBOARD;android.permission.READ_CONTACTS;android.permission.READ_MEDIA_AUDIO;android.permission.READ_PHONE_NUMBERS;android.permission.READ_PROFILE;android.permission.READ_SYNC_SETTINGS;android.permission.REQUEST_INSTALL_PACKAGES;android.permission.SYSTEM_ALERT_WINDOW;android.permission.USE_BIOMETRIC;android.permission.USE_FINGERPRINT;android.permission.USE_FULL_SCREEN_INTENT;android.permission.VIBRATE;android.permission.WRITE_CONTACTS;android.permission.WRITE_SYNC_SETTINGS;com.anddoes.launcher.permission.UPDATE_COUNT;com.android.launcher.permission.INSTALL_SHORTCUT;com.android.launcher.permission.UNINSTALL_SHORTCUT;com.android.vending.BILLING;com.google.android.c2dm.permission.RECEIVE;com.google.android.providers.gsf.permission.READ_GSERVICES;com.htc.launcher.permission.READ_SETTINGS;com.htc.launcher.permission.UPDATE_SHORTCUT;com.huawei.android.launcher.permission.CHANGE_BADGE;com.huawei.android.launcher.permission.READ_SETTINGS;com.huawei.android.launcher.permission.WRITE_SETTINGS;com.majeur.launcher.permission.UPDATE_BADGE;com.oppo.launcher.permission.READ_SETTINGS;com.oppo.launcher.permission.WRITE_SETTINGS;com.sec.android.provider.badge.permission.READ;com.sec.android.provider.badge.permission.WRITE;com.sonyericsson.home.permission.BROADCAST_BADGE;com.sonymobile.home.permission.PROVIDER_INSERT_BADGE;me.everything.badger.permission.BADGE_COUNT_READ;me.everything.badger.permission.BADGE_COUNT_WRITE;org.telegram.messenger.DYNAMIC_RECEIVER_NOT_EXPORTED_PERMISSION;org.telegram.messenger.permission.MAPS_RECEIVE,android.permission.ACCESS_NETWORK_STATE;android.permission.ACCESS_WIFI_STATE;android.permission.AUTHENTICATE_ACCOUNTS;android.permission.BLUETOOTH;android.permission.BLUETOOTH_CONNECT;android.permission.CAMERA;android.permission.FOREGROUND_SERVICE;android.permission.GET_ACCOUNTS;android.permission.INTERNET;android.permission.MANAGE_ACCOUNTS;android.permission.MODIFY_AUDIO_SETTINGS;android.permission.POST_NOTIFICATIONS;android.permission.READ_EXTERNAL_STORAGE;android.permission.READ_MEDIA_IMAGES;android.permission.READ_MEDIA_VIDEO;android.permission.READ_PHONE_STATE;android.permission.RECEIVE_BOOT_COMPLETED;android.permission.RECORD_AUDIO;android.permission.WAKE_LOCK;android.permission.WRITE_EXTERNAL_STORAGE
transport_rail,rail1,RZD,DB Navigator,62,19,47,4,15,android.permission.ACCESS_ADSERVICES_AD_ID;android.permission.ACCESS_ADSERVICES_ATTRIBUTION;android.permission.ACCESS_BACKGROUND_LOCATION;android.permission.BLUETOOTH;android.permission.BLUETOOTH_ADMIN;android.permission.BLUETOOTH_ADVERTISE;android.permission.BLUETOOTH_CONNECT;android.permission.BLUETOOTH_SCAN;android.permission.C2D_MESSAGE;android.permission.CHANGE_WIFI_STATE;android.permission.DETECT_SCREEN_CAPTURE;android.permission.DOWNLOAD_WITHOUT_NOTIFICATION;android.permission.FOREGROUND_SERVICE_DATA_SYNC;android.permission.FOREGROUND_SERVICE_LOCATION;android.permission.HIGH_SAMPLING_RATE_SENSORS;android.permission.MI;android.permission.MODIFY_AUDIO_SETTINGS;android.permission.NEARBY_WIFI_DEVICES;android.permission.READ_APP_BADGE;android.permission.READ_CALENDAR;android.permission.READ_INTERNAL_STORAGE;android.permission.RECEIVE_ADM_MESSAGE;android.permission.RECORD_AUDIO;android.permission.SYSTEM_ALERT_WINDOW;android.permission.USE_BIOMETRIC;android.permission.USE_FINGERPRINT;android.permission.VIBRATE;android.permission.WRITE_CALENDAR;android.permission.WRITE_EXTERNAL_STORAGE;com.anddoes.launcher.permission.UPDATE_COUNT;com.android.alarm.permission.SET_ALARM;com.google.android.providers.gsf.permission.READ_GSERVICES;com.htc.launcher.permission.READ_SETTINGS;com.htc.launcher.permission.UPDATE_SHORTCUT;com.huawei.android.launcher.permission.CHANGE_BADGE;com.huawei.android.launcher.permission.READ_SETTINGS;com.huawei.android.launcher.permission.WRITE_SETTINGS;com.majeur.launcher.permission.UPDATE_BADGE;com.oppo.launcher.permission.READ_SETTINGS;com.oppo.launcher.permission.WRITE_SETTINGS;com.sec.android.provider.badge.permission.READ;com.sec.android.provider.badge.permission.WRITE;com.sonyericsson.home.permission.BROADCAST_BADGE;com.sonymobile.home.permission.PROVIDER_INSERT_BADGE;me.everything.badger.permission.BADGE_COUNT_READ;me.everything.badger.permission.BADGE_COUNT_WRITE;ru.rzd.pass.DYNAMIC_RECEIVER_NOT_EXPORTED_PERMISSION,android.permission.ACCESS_SUPERUSER;com.google.android.gms.permission.AD_ID;de.hafas.android.db.DYNAMIC_RECEIVER_NOT_EXPORTED_PERMISSION;de.hafas.android.db.KRV_BROADCAST_PERMISSION,android.permission.ACCESS_COARSE_LOCATION;android.permission.ACCESS_FINE_LOCATION;android.permission.ACCESS_NETWORK_STATE;android.permission.ACCESS_WIFI_STATE;android.permission.CAMERA;android.permission.FOREGROUND_SERVICE;android.permission.INTERNET;android.permission.NFC;android.permission.POST_NOTIFICATIONS;android.permission.READ_EXTERNAL_STORAGE;android.permission.READ_PHONE_STATE;android.permission.RECEIVE_BOOT_COMPLETED;android.permission.WAKE_LOCK;com.google.android.c2dm.permission.RECEIVE;com.google.android.finsky.permission.BIND_GET_INSTALL_REFERRER_SERVICE
transport_rail,rail2,Yandex Trains,Mobiliteit.lu,29,17,17,5,12,android.permission.ACCESS_WIFI_STATE;android.permission.AUTHENTICATE_ACCOUNTS;android.permission.CAMERA;android.permission.CHANGE_WIFI_STATE;android.permission.DISABLE_KEYGUARD;android.permission.FOREGROUND_SERVICE_DATA_SYNC;android.permission.GET_ACCOUNTS;android.permission.MANAGE_ACCOUNTS;android.permission.NFC;android.permission.QUICKBOOT_POWERON;android.permission.USE_CREDENTIALS;android.permission.USE_FULL_SCREEN_INTENT;android.permission.WRITE_EXTERNAL_STORAGE;com.google.android.finsky.permission.BIND_GET_INSTALL_REFERRER_SERVICE;com.yandex.permission.AM_COMMUNICATION;com.yandex.permission.READ_CREDENTIALS;ru.yandex.rasp.DYNAMIC_RECEIVER_NOT_EXPORTED_PERMISSION,android.permission.FOREGROUND_SERVICE_LOCATION;android.permission.READ_CONTACTS;com.android.launcher.permission.INSTALL_SHORTCUT;de.hafas.android.cdt.DYNAMIC_RECEIVER_NOT_EXPORTED_PERMISSION;de.hafas.android.cdt.permission.INTERAPP,android.permission.ACCESS_COARSE_LOCATION;android.permission.ACCESS_FINE_LOCATION;android.permission.ACCESS_NETWORK_STATE;android.permission.FOREGROUND_SERVICE;android.permission.INTERNET;android.permission.POST_NOTIFICATIONS;android.permission.RECEIVE_BOOT_COMPLETED;android.permission.SCHEDULE_EXACT_ALARM;android.permission.VIBRATE;android.permission.WAKE_LOCK;com.google.android.c2dm.permission.RECEIVE;com.google.android.gms.permission.AD_ID
social_1,social1,VK,Facebook,97,91,45,39,52,android.gms.permission.ACTIVITY_RECOGNITION;android.permission.ACTIVITY_RECOGNITION;android.permission.CALL_PHONE;android.permission.QUICKBOOT_POWERON;android.permission.READ_APP_BADGE;android.permission.READ_CALL_LOG;android.permission.READ_PHONE_NUMBERS;android.permission.health.READ_DISTANCE;android.permission.health.READ_EXERCISE;android.permission.health.READ_STEPS;android.permission.health.READ_TOTAL_CALORIES_BURNED;android.provider.Telephony.SMS_RECEIVED;com.anddoes.launcher.permission.UPDATE_COUNT;com.huawei.android.launcher.permission.CHANGE_BADGE;com.huawei.android.launcher.permission.READ_SETTINGS;com.huawei.android.launcher.permission.WRITE_SETTINGS;com.huawei.permission.SECURITY_DIAGNOSE;com.majeur.launcher.permission.UPDATE_BADGE;com.oppo.launcher.permission.READ_SETTINGS;com.oppo.launcher.permission.WRITE_SETTINGS;com.uma.musicvk.usersstore.permission.LOAD;com.uma.musicvk.usersstore.permission.SAVE;com.vk.blockstore.permission.DELETE;com.vk.calls.usersstore.permission.LOAD;com.vk.calls.usersstore.permission.SAVE;com.vk.clips.usersstore.permission.LOAD;com.vk.clips.usersstore.permission.SAVE;com.vk.im.usersstore.permission.LOAD;com.vk.im.usersstore.permission.SAVE;com.vk.love.usersstore.permission.LOAD;com.vk.love.usersstore.permission.SAVE;com.vk.vkvideo.usersstore.permission.LOAD;com.vk.vkvideo.usersstore.permission.SAVE;com.vkontakte.android.DYNAMIC_RECEIVER_NOT_EXPORTED_PERMISSION;com.vkontakte.android.permission.ACCESS_DATA;com.vkontakte.android.permission.APP_REDIRECT;com.vkontakte.android.permission.MAPS_RECEIVE;live.vkplay.app.usersstore.permission.LOAD;live.vkplay.app.usersstore.permission.SAVE;me.everything.badger.permission.BADGE_COUNT_READ;me.everything.badger.permission.BADGE_COUNT_WRITE;ru.mail.mailapp.usersstore.permission.LOAD;ru.mail.mailapp.usersstore.permission.SAVE;ru.vk.store.usersstore.permission.LOAD;ru.vk.store.usersstore.permission.SAVE,android.permission.ACCESS_ADSERVICES_AD_ID;android.permission.ACCESS_ADSERVICES_ATTRIBUTION;android.permission.ACCESS_ADSERVICES_CUSTOM_AUDIENCE;android.permission.ACCESS_ADSERVICES_TOPICS;android.permission.BATTERY_STATS;android.permission.BLUETOOTH_CONNECT;android.permission.BROADCAST_STICKY;android.permission.CAPTURE_VIDEO_OUTPUT;android.permission.CREDENTIAL_MANAGER_SET_ALLOWED_PROVIDERS;android.permission.DETECT_SCREEN_RECORDING;android.permission.DOWNLOAD_WITHOUT_NOTIFICATION;android.permission.FOREGROUND_SERVICE_CAMERA;android.permission.FOREGROUND_SERVICE_CONNECTED_DEVICE;android.permission.FOREGROUND_SERVICE_PHONE_CALL;android.permission.GET_TASKS;android.permission.MANAGE_ACCOUNTS;android.permission.MANAGE_OWN_CALLS;android.permission.NFC;android.permission.READ_BASIC_PHONE_STATE;android.permission.READ_PROFILE;android.permission.REORDER_TASKS;android.permission.REQUEST_IGNORE_BATTERY_OPTIMIZATIONS;android.permission.RUN_USER_INITIATED_JOBS;com.amazon.device.messaging.permission.RECEIVE;com.facebook.appmanager.UNPROTECTED_API_ACCESS;com.facebook.katana.DYNAMIC_RECEIVER_NOT_EXPORTED_PERMISSION;com.facebook.katana.permission.CREATE_SHORTCUT;com.facebook.katana.permission.CROSS_PROCESS_BROADCAST_MANAGER;com.facebook.katana.permission.RECEIVE_ADM_MESSAGE;com.facebook.katana.provider.ACCESS;com.facebook.mlite.provider.ACCESS;com.facebook.orca.provider.ACCESS;com.facebook.pages.app.provider.ACCESS;com.facebook.permission.prod.FB_APP_COMMUNICATION;com.facebook.receiver.permission.ACCESS;com.facebook.services.identity.FEO2;com.motorola.launcher3.permission.UNREAD_BADGE;com.nokia.pushnotifications.permission.RECEIVE;com.oculus.twilight.provider.ACCESS,android.permission.ACCESS_COARSE_LOCATION;android.permission.ACCESS_FINE_LOCATION;android.permission.ACCESS_MEDIA_LOCATION;android.permission.ACCESS_NETWORK_STATE;android.permission.ACCESS_WIFI_STATE;android.permission.AUTHENTICATE_ACCOUNTS;android.permission.BLUETOOTH;android.permission.CAMERA;android.permission.CHANGE_NETWORK_STATE;android.permission.CHANGE_WIFI_STATE;android.permission.DETECT_SCREEN_CAPTURE;android.permission.FOREGROUND_SERVICE;android.permission.FOREGROUND_SERVICE_DATA_SYNC;android.permission.FOREGROUND_SERVICE_MEDIA_PLAYBACK;android.permission.FOREGROUND_SERVICE_MEDIA_PROJECTION;android.permission.FOREGROUND_SERVICE_MICROPHONE;android.permission.GET_ACCOUNTS;android.permission.INTERNET;android.permission.MODIFY_AUDIO_SETTINGS;android.permission.POST_NOTIFICATIONS;android.permission.READ_CALENDAR;android.permission.READ_CONTACTS;android.permission.READ_EXTERNAL_STORAGE;android.permission.READ_MEDIA_IMAGES;android.permission.READ_MEDIA_VIDEO;android.permission.READ_MEDIA_VISUAL_USER_SELECTED;android.permission.READ_PHONE_STATE;android.permission.READ_SYNC_SETTINGS;android.permission.RECEIVE_BOOT_COMPLETED;android.permission.RECORD_AUDIO;android.permission.SYSTEM_ALERT_WINDOW;android.permission.USE_BIOMETRIC;android.permission.USE_FINGERPRINT;android.permission.USE_FULL_SCREEN_INTENT;android.permission.VIBRATE;android.permission.WAKE_LOCK;android.permission.WRITE_CALENDAR;android.permission.WRITE_CONTACTS;android.permission.WRITE_EXTERNAL_STORAGE;android.permission.WRITE_SYNC_SETTINGS;com.android.launcher.permission.INSTALL_SHORTCUT;com.android.vending.BILLING;com.google.android.c2dm.permission.RECEIVE;com.google.android.finsky.permission.BIND_GET_INSTALL_REFERRER_SERVICE;com.google.android.gms.permission.AD_ID;com.google.android.providers.gsf.permission.READ_GSERVICES;com.htc.launcher.permission.READ_SETTINGS;com.htc.launcher.permission.UPDATE_SHORTCUT;com.sec.android.provider.badge.permission.READ;com.sec.android.provider.badge.permission.WRITE;com.sonyericsson.home.permission.BROADCAST_BADGE;com.sonymobile.home.permission.PROVIDER_INSERT_BADGE
social_2,social2,OK,X,91,68,34,11,57,android.gms.permission.ACTIVITY_RECOGNITION;android.permission.ACCESS_GPS;android.permission.ACCESS_LOCATION;android.permission.ACCESS_MEDIA_LOCATION;android.permission.ACTIVITY_RECOGNITION;android.permission.CALL_PHONE;android.permission.CHANGE_WIFI_MULTICAST_STATE;android.permission.CHANGE_WIFI_STATE;android.permission.DISABLE_KEYGUARD;android.permission.DOWNLOAD_WITHOUT_NOTIFICATION;android.permission.FLASHLIGHT;android.permission.FOREGROUND_SERVICE_TYPE_DATA_SYNC;android.permission.GET_TASKS;android.permission.READ_APP_BADGE;android.permission.READ_CALENDAR;android.permission.READ_CALL_LOG;android.permission.READ_MEDIA_AUDIO;android.permission.READ_PHONE_NUMBERS;android.permission.RECEIVE_BOOT_COMPLETED;android.permission.REQUEST_IGNORE_BATTERY_OPTIMIZATIONS;android.permission.RUN_USER_INITIATED_JOBS;android.permission.WRITE_CALENDAR;android.permission.WRITE_CONTACTS;android.permission.WRITE_PROFILE;android.permission.WRITE_SETTINGS;android.permission.health.READ_DISTANCE;android.permission.health.READ_STEPS;android.provider.Telephony.SMS_RECEIVED;com.applovin.array.apphub.permission.BIND_APPHUB_SERVICE;com.google.android.c2dm.permission.SEND;com.majeur.launcher.permission.UPDATE_BADGE;me.everything.badger.permission.BADGE_COUNT_READ;me.everything.badger.permission.BADGE_COUNT_WRITE;ru.ok.android.DYNAMIC_RECEIVER_NOT_EXPORTED_PERMISSION,android.permission.AD_SERVICES_CONFIG;android.permission.FOREGROUND_SERVICE_CAMERA;android.permission.FOREGROUND_SERVICE_MICROPHONE;android.permission.MANAGE_OWN_CALLS;android.permission.READ_MEDIA_VISUAL_USER_SELECTED;android.permission.SHOW_ON_LOCK_SCREEN;com.android.vending.CHECK_LICENSE;com.twitter.account.ACCESS_ACCOUNT_PROVIDER;com.twitter.android.DYNAMIC_RECEIVER_NOT_EXPORTED_PERMISSION;com.twitter.android.auth.login.ACCESS;com.twitter.android.permission.RESTRICTED,android.permission.ACCESS_ADSERVICES_AD_ID;android.permission.ACCESS_ADSERVICES_ATTRIBUTION;android.permission.ACCESS_ADSERVICES_TOPICS;android.permission.ACCESS_COARSE_LOCATION;android.permission.ACCESS_FINE_LOCATION;android.permission.ACCESS_NETWORK_STATE;android.permission.ACCESS_WIFI_STATE;android.permission.AUTHENTICATE_ACCOUNTS;android.permission.BLUETOOTH;android.permission.BLUETOOTH_CONNECT;android.permission.CAMERA;android.permission.CHANGE_NETWORK_STATE;android.permission.DETECT_SCREEN_CAPTURE;android.permission.FOREGROUND_SERVICE;android.permission.FOREGROUND_SERVICE_DATA_SYNC;android.permission.FOREGROUND_SERVICE_MEDIA_PLAYBACK;android.permission.FOREGROUND_SERVICE_MEDIA_PROJECTION;android.permission.GET_ACCOUNTS;android.permission.INTERNET;android.permission.MANAGE_ACCOUNTS;android.permission.MODIFY_AUDIO_SETTINGS;android.permission.POST_NOTIFICATIONS;android.permission.READ_CONTACTS;android.permission.READ_EXTERNAL_STORAGE;android.permission.READ_MEDIA_IMAGES;android.permission.READ_MEDIA_VIDEO;android.permission.READ_PHONE_STATE;android.permission.READ_PROFILE;android.permission.READ_SYNC_SETTINGS;android.permission.RECORD_AUDIO;android.permission.SYSTEM_ALERT_WINDOW;android.permission.USE_BIOMETRIC;android.permission.USE_CREDENTIALS;android.permission.USE_FINGERPRINT;android.permission.USE_FULL_SCREEN_INTENT;android.permission.VIBRATE;android.permission.WAKE_LOCK;android.permission.WRITE_EXTERNAL_STORAGE;android.permission.WRITE_SYNC_SETTINGS;com.anddoes.launcher.permission.UPDATE_COUNT;com.android.launcher.permission.INSTALL_SHORTCUT;com.android.vending.BILLING;com.google.android.c2dm.permission.RECEIVE;com.google.android.finsky.permission.BIND_GET_INSTALL_REFERRER_SERVICE;com.google.android.gms.permission.AD_ID;com.google.android.providers.gsf.permission.READ_GSERVICES;com.htc.launcher.permission.READ_SETTINGS;com.htc.launcher.permission.UPDATE_SHORTCUT;com.huawei.android.launcher.permission.CHANGE_BADGE;com.huawei.android.launcher.permission.READ_SETTINGS;com.huawei.android.launcher.permission.WRITE_SETTINGS;com.oppo.launcher.permission.READ_SETTINGS;com.oppo.launcher.permission.WRITE_SETTINGS;com.sec.android.provider.badge.permission.READ;com.sec.android.provider.badge.permission.WRITE;com.sonyericsson.home.permission.BROADCAST_BADGE;com.sonymobile.home.permission.PROVIDER_INSERT_BADGE
transport_taxi,taxi,Yandex Go Taxi,Bolt,64,40,37,13,27,android.permission.AUTHENTICATE_ACCOUNTS;android.permission.CALL_PHONE;android.permission.CHANGE_WIFI_STATE;android.permission.DETECT_SCREEN_CAPTURE;android.permission.DETECT_SCREEN_RECORDING;android.permission.FOREGROUND_SERVICE_DATA_SYNC;android.permission.GET_ACCOUNTS;android.permission.MANAGE_ACCOUNTS;android.permission.READ_APP_BADGE;android.permission.READ_CONTACTS;android.permission.READ_EXTERNAL_STORAGE;android.permission.READ_PHONE_STATE;android.permission.SYSTEM_ALERT_WINDOW;android.permission.USE_CREDENTIALS;android.permission.WRITE_EXTERNAL_STORAGE;com.anddoes.launcher.permission.UPDATE_COUNT;com.android.vending.BILLING;com.htc.launcher.permission.READ_SETTINGS;com.htc.launcher.permission.UPDATE_SHORTCUT;com.huawei.android.launcher.permission.CHANGE_BADGE;com.huawei.android.launcher.permission.READ_SETTINGS;com.huawei.android.launcher.permission.WRITE_SETTINGS;com.majeur.launcher.permission.UPDATE_BADGE;com.oppo.launcher.permission.READ_SETTINGS;com.oppo.launcher.permission.WRITE_SETTINGS;com.sec.android.provider.badge.permission.READ;com.sec.android.provider.badge.permission.WRITE;com.sonyericsson.home.permission.BROADCAST_BADGE;com.sonymobile.home.permission.PROVIDER_INSERT_BADGE;com.yandex.permission.AM_COMMUNICATION;com.yandex.permission.READ_CREDENTIALS;com.yandex.yphone.permission.READ;com.yandex.yphone.permission.WRITE;me.everything.badger.permission.BADGE_COUNT_READ;me.everything.badger.permission.BADGE_COUNT_WRITE;ru.yandex.taxi.DYNAMIC_RECEIVER_NOT_EXPORTED_PERMISSION;ru.yandex.taxi.ORDER_NOTIFICATION,android.permission.ACCESS_BACKGROUND_LOCATION;android.permission.BLUETOOTH_ADVERTISE;android.permission.FOREGROUND_SERVICE_MICROPHONE;android.permission.FOREGROUND_SERVICE_PHONE_CALL;android.permission.GET_PACKAGE_SIZE;android.permission.MANAGE_OWN_CALLS;android.permission.POST_PROMOTED_NOTIFICATIONS;android.permission.READ_CALENDAR;android.permission.WRITE_CALENDAR;com.google.android.providers.gsf.permission.READ_GSERVICES;com.huawei.appmarket.service.commondata.permission.GET_COMMON_DATA;com.samsung.android.mapsagent.permission.READ_APP_INFO;ee.mtakso.client.DYNAMIC_RECEIVER_NOT_EXPORTED_PERMISSION,android.permission.ACCESS_ADSERVICES_AD_ID;android.permission.ACCESS_ADSERVICES_ATTRIBUTION;android.permission.ACCESS_COARSE_LOCATION;android.permission.ACCESS_FINE_LOCATION;android.permission.ACCESS_NETWORK_STATE;android.permission.ACCESS_WIFI_STATE;android.permission.BLUETOOTH;android.permission.BLUETOOTH_ADMIN;android.permission.BLUETOOTH_CONNECT;android.permission.BLUETOOTH_SCAN;android.permission.CAMERA;android.permission.FOREGROUND_SERVICE;android.permission.FOREGROUND_SERVICE_LOCATION;android.permission.INTERNET;android.permission.MODIFY_AUDIO_SETTINGS;android.permission.NFC;android.permission.POST_NOTIFICATIONS;android.permission.RECEIVE_BOOT_COMPLETED;android.permission.RECORD_AUDIO;android.permission.USE_BIOMETRIC;android.permission.USE_FINGERPRINT;android.permission.USE_FULL_SCREEN_INTENT;android.permission.VIBRATE;android.permission.WAKE_LOCK;com.google.android.c2dm.permission.RECEIVE;com.google.android.finsky.permission.BIND_GET_INSTALL_REFERRER_SERVICE;com.google.android.gms.permission.AD_ID
